YEAR,WK #,RENTAL CO.,TYPE OF EQUIP.,EQUIPMENT #,DESCRIPTION,RENT START,PROJ. END,PO #,SN REQ #,MO. RATE $,COMMENTS,PUBLISHED BY
2026,17,"Atkins, Taylor and Hughes",Rail Car,GATX050729,Rail car,12/23/2025,05/14/2026,PO-55989,RITM979487,$3331.49,—,admin
2026,17,"Atkins, Taylor and Hughes",Rail Car,GATX062583,Rail car,01/30/2026,04/24/2027,PO-63466,RITM416963,$2239.22,—,admin
2026,17,Brown Group,Truck Spreader,000631,TRUCK SPREADER HOPPER 8 FT 2 CU YD,01/26/2026,03/06/2026,PO-21086,RITM286951,$2027.38,—,admin
2026,17,Brown Group,Truck Spreader,001056,TRUCK SPREADER HOPPER 8 FT 2 CU YD,03/15/2026,11/02/2026,PO-18973,RITM667288,$2621.83,—,admin
2026,17,Brown Group,Truck Spreader,001218,TRUCK SPREADER HOPPER 8 FT 2 CU YD,01/16/2026,07/24/2026,PO-98307,RITM286580,$3932.49,—,admin
2026,17,Brown Group,Truck Spreader,001239,TRUCK SPREADER HOPPER 8 FT 2 CU YD,06/10/2026,11/28/2027,PO-83033,RITM193197,$2395.51,—,admin
2026,17,Brown Group,Pickup Truck,1GC1YLE70NF193498,TRUCK PICKUP 3/4 T CREW 4WD GAS,01/02/2026,03/27/2027,PO-61423,RITM850559,$913.00,—,admin
2026,17,Brown Group,Pickup Truck,1GC1YLE74MF216358,TRUCK PICKUP 3/4 T CREW 4WD GAS,06/27/2025,02/21/2026,PO-30359,RITM176757,$710.79,—,admin
2026,17,Brown Group,Pickup Truck,1GC1YLE78MF215164,TRUCK PICKUP 3/4 T CREW 4WD GAS,04/07/2025,08/14/2026,PO-43471,RITM278876,$1088.56,—,admin
2026,17,Brown Group,Pickup Truck,1GC1YLE79PF209488,TRUCK PICKUP 3/4 T CREW 4WD GAS,01/31/2025,12/11/2025,PO-10813,RITM184536,$961.72,—,admin
2026,17,Brown Group,Truck Snow,2476,TRUCK SNOW PLOW 7-8 FT,05/18/2026,07/12/2026,PO-96830,RITM721806,$1393.76,—,admin
2026,17,Brown Group,Truck Spreader,3754,TRUCK SPREADER HOPPER 8 FT 2 CU YD,10/29/2025,02/14/2026,PO-23341,RITM378093,$3698.61,—,admin
2026,17,Brown Group,Truck Snow,6174,TRUCK SNOW PLOW 7-8 FT,01/11/2026,05/11/2027,PO-26403,RITM122596,$1563.20,—,admin
2026,17,Brown Group,Truck Snow,7812,TRUCK SNOW PLOW 7-8 FT,06/23/2026,09/10/2026,PO-10334,RITM779820,$2951.46,—,admin
2026,17,Brown Group,Truck Snow,7837,TRUCK SNOW PLOW 7-8 FT,07/18/2025,11/24/2026,PO-39764,RITM669691,$1168.31,—,admin
2026,17,Brown Group,COMPRESSOR,BG-1138,375 CFM Diesel Air Compressor,04/13/2026,06/13/2026,PO-2026-0488,—,$3200.00,—,admin
2026,17,Brown Group,GENERATOR,BG-1139,800 kW Diesel Generator,04/15/2026,—,PO-2026-0489,—,$14500.00,—,admin
2026,17,Brown Group,Scissor Lift,GS32P-157943,SCISSOR LIFT 26FT 32IN ELEC,05/08/2026,07/17/2026,PO-85957,RITM444918,$497.96,—,admin
2026,17,Brown Group,Truck Snow,M0532021290,TRUCK SNOW PLOW 7-8 FT,01/25/2025,10/01/2025,PO-69538,RITM924570,$3335.06,—,admin
2026,17,"Christensen, Nixon and Davis",Crane,6083,295 Mini Crane,06/20/2026,08/04/2027,PO-94412,RITM186433,$3389.25,—,admin
2026,17,Chung-Cannon,Air Compressor & Attachments,A,1500 CFM Compressor w/Dryer & Accessories,06/25/2026,05/02/2027,PO-58878,RITM691362,$909.68,—,admin
2026,17,Chung-Cannon,Air Compressor & Attachments,AAA,1600 CFM Compressor w/Dryer & Accessories,01/03/2025,03/20/2025,PO-59013,RITM625817,$3576.48,—,admin
2026,17,Chung-Cannon,Generator,AAAA,60KW Gen Single Phase w/ cable & tails,07/06/2025,09/03/2026,PO-97764,RITM993705,$3264.52,—,admin
2026,17,Chung-Cannon,Air Compressor & Attachments,AAAAA,1500 CFM Compressor w/Dryer & Accessories,09/30/2025,07/21/2026,PO-34756,RITM299664,$694.10,—,admin
2026,17,Chung-Cannon,Air Compressor & Attachments,AAAAAA,1500 CFM Compressor w/Dryer & Accessories,04/18/2026,01/02/2027,PO-71593,RITM996768,$2289.29,—,admin
2026,17,Chung-Cannon,Air Compressor & Attachments,AAAAAAA,1600 CFM Compressor w/Dryer & Accessories,09/17/2025,02/07/2026,PO-56022,RITM969993,$3047.76,—,admin
2026,17,Chung-Cannon,Air Compressor & Attachments,AAAAAAAAA,1500 CFM Compressor No Dryer & Accessories,08/21/2025,04/01/2026,PO-90630,RITM230386,$845.38,—,admin
2026,17,Chung-Cannon,Air Dryer,AAAAAAAAAA,450 CFM Dryer,02/05/2026,08/17/2026,PO-70116,RITM656436,$3264.77,—,admin
2026,17,Chung-Cannon,Air Compressor & Attachments,BB,1500 CFM Compressor w/Dryer & Accessories,04/03/2026,07/14/2027,PO-63592,RITM883939,$1257.03,—,admin
2026,17,Chung-Cannon,Air Compressor & Attachments,BBBB,1500 CFM Compressor w/Dryer & Accessories,08/08/2026,09/20/2026,PO-97721,RITM919525,$3248.99,—,admin
2026,17,Chung-Cannon,Air Compressor & Attachments,BBBBB,1500 CFM Compressor w/Dryer & Accessories,03/11/2026,04/02/2027,PO-82658,RITM787090,$812.36,—,admin
2026,17,Chung-Cannon,Air Compressor & Attachments,BBBBBB,1600 CFM Compressor w/Dryer & Accessories,10/22/2025,03/27/2026,PO-64878,RITM887451,$3836.34,—,admin
2026,17,Chung-Cannon,Air Dryer,BBBBBBBB,450 CFM Dryer,06/16/2026,11/04/2026,PO-84099,RITM343542,$3928.22,—,admin
2026,17,Davidson PLC,Lift,10023353,058-0803 80ft ART MANLIFT W/JIB,09/02/2025,03/15/2026,PO-66612,RITM311751,$3355.95,—,admin
2026,17,Davidson PLC,Lift,10064691,058-0607 60ft ART MANLIFT W/JIB,12/02/2025,03/13/2027,PO-46995,RITM592213,$2053.02,—,admin
2026,17,Davidson PLC,Welding Equipment,10429723,027-0365 250 AMP CC SKYWELDER PKG,03/30/2025,05/10/2026,PO-23613,RITM792788,$3613.71,—,admin
2026,17,Davidson PLC,Welding Equipment,10958177,027-0365 250 AMP CC SKYWELDER PKG,12/03/2025,03/26/2027,PO-13045,RITM763736,$661.91,—,admin
2026,17,Davidson PLC,UTV,10998879,059-0570 UTILITY VEHICLE 4 SEAT 4WD GAS CAB,04/26/2026,01/02/2027,PO-16149,RITM222132,$921.86,—,admin
2026,17,Davidson PLC,Welding Equipment,11239579,027-0365 250 AMP CC SKYWELDER PKG,06/18/2025,03/05/2026,PO-65364,RITM850800,$3493.93,—,admin
2026,17,Davidson PLC,Vehicle Attachments,ITE11670,052-1605 DOZER RIPPER 140-159HP CLASS,07/12/2025,09/19/2025,PO-83530,RITM753520,$1539.04,—,admin
2026,17,Davidson PLC,Dozer,ITEN6331,052-0200 200-250HP CRAWLER DOZER LGP,01/16/2025,09/01/2025,PO-94046,RITM814786,$2247.68,—,admin
2026,17,Davidson PLC,Lift,RR0580880,058-0880 135ft ART MANLIFT W/JIB,06/20/2025,09/02/2025,PO-22618,RITM844088,$1162.78,—,admin
2026,17,Griffin Ltd,Mobile Trailer,10850,36X10,03/12/2025,03/03/2026,PO-73523,RITM532139,$2674.59,—,admin
2026,17,Griffin Ltd,Mobile Trailer,13006,60X12,05/02/2025,10/19/2026,PO-93806,RITM784241,$775.07,—,admin
2026,17,Griffin Ltd,Mobile Locker Room Trailer,16149,72X12,01/30/2025,03/05/2025,PO-54940,RITM477596,$2092.31,—,admin
2026,17,Griffin Ltd,Mobile Locker Room Trailer,16720/19,60X24,11/24/2025,01/10/2027,PO-28753,RITM214534,$3545.04,—,admin
2026,17,Griffin Ltd,Mobile Office Container,20-23980,20FT GLO,11/17/2025,01/22/2027,PO-17621,RITM644969,$1050.13,—,admin
2026,17,Griffin Ltd,Mobile Trailer,5472/73,60X24,10/15/2025,12/08/2026,PO-98509,RITM274982,$1796.52,—,admin
2026,17,Griffin Ltd,TEMP FACILITY,GL-8851,24x60 Modular Office Complex — 4-Unit Interconnect,04/14/2026,12/31/2026,PO-2026-0502,—,$5200.00,—,admin
2026,17,Griffin Ltd,Mobile Office Container,MO-38357,20FT GLO,12/20/2025,09/11/2026,PO-52778,RITM114671,$3299.81,—,admin
2026,17,Harris LLC,Washer,10025,Aqueous Parts Washer - SJ15,10/14/2025,03/21/2026,PO-42332,RITM760196,$2198.66,—,admin
2026,17,Harris LLC,Washer,10040,Aqueous Parts Washer - 2412,11/28/2025,11/11/2026,PO-88203,RITM635856,$1668.77,—,admin
2026,17,Harris LLC,Washer,10058,Aqueous Parts Washer - SJ15,08/20/2026,07/10/2027,PO-45860,RITM850149,$2022.18,—,admin
2026,17,Harris LLC,Washer,10060,Aqueous Parts Washer - 3648,06/08/2025,09/19/2025,PO-17346,RITM968510,$3048.08,—,admin
2026,17,Harris LLC,Washer,10067,Aqueous Parts Washer - 2518,06/19/2025,07/23/2025,PO-25043,RITM312572,$2298.25,—,admin
2026,17,Harris LLC,Washer,10068,Aqueous Parts Washer - 4860,09/24/2025,12/02/2025,PO-48681,RITM786660,$1504.38,—,admin
2026,17,Harris LLC,Washer,10070,Aqueous Parts Washer - SJ15,03/10/2026,08/21/2027,PO-79965,RITM486561,$2120.46,—,admin
2026,17,Harris LLC,Washer,10071,Aqueous Parts Washer - 3648,04/02/2025,07/16/2025,PO-78688,RITM793415,$3593.91,—,admin
2026,17,Harris LLC,Washer,10080,Aqueous Parts Washer - 3648,03/08/2026,03/02/2027,PO-52177,RITM641378,$1269.45,—,admin
2026,17,Harris LLC,Washer,10081,Aqueous Parts Washer - 3648,08/04/2026,03/15/2027,PO-90499,RITM466969,$2247.69,—,admin
2026,17,Harris LLC,Washer,10086,Aqueous Parts Washer - 2840,05/19/2025,07/13/2025,PO-28255,RITM249583,$1616.22,—,admin
2026,17,Harris LLC,Washer,10087,Aqueous Parts Washer - 2840,01/31/2026,04/02/2026,PO-78204,RITM305023,$2696.00,—,admin
2026,17,Harris LLC,Washer,10090,Aqueous Parts Washer - 4860,01/29/2025,08/28/2025,PO-83432,RITM238358,$1788.28,—,admin
2026,17,Harris LLC,Washer,10099,Aqueous Parts Washer - 3648,03/24/2025,07/28/2025,PO-67036,RITM375343,$3373.53,—,admin
2026,17,Harris LLC,Washer,10104,Aqueous Parts Washer - 4860,03/31/2025,08/05/2025,PO-18265,RITM903711,$3904.74,—,admin
2026,17,Harris LLC,CRANE,HL-4411,200-Ton Crawler Crane,04/13/2026,10/10/2026,PO-2026-0481,—,$32000.00,—,admin
2026,17,Harris LLC,RIGGING,HL-4412,Rigging Skid Package — Hydraulic Gantry 50T,04/13/2026,08/31/2026,PO-2026-0482,—,$6800.00,—,admin
2026,17,"Kelley, Acosta and Salazar",Telehandler,167R127 207RA311,TL122 with forks attachment,01/25/2025,08/10/2025,PO-77365,RITM684606,$3910.30,—,admin
2026,17,"Kelley, Acosta and Salazar",Welding Equipment,1816R603,Sky power,03/30/2026,10/08/2026,PO-30793,RITM737354,$2644.57,—,admin
2026,17,"Kelley, Acosta and Salazar",Boom Lift,1818R2702,Z45 Articulated Boom lift,04/05/2025,06/19/2025,PO-47278,RITM674783,$1609.44,—,admin
2026,17,"Kelley, Acosta and Salazar",Boom Lift,1818R2735,S85 Straight boom lift,02/27/2026,04/04/2026,PO-12126,RITM454088,$2234.05,—,admin
2026,17,"Kelley, Acosta and Salazar",Boom Lift,1818R2743,S85 Straight boom lift,05/09/2026,09/22/2026,PO-46033,RITM155033,$1723.47,—,admin
2026,17,"Kelley, Acosta and Salazar",Mini Skid Steer,1819R1672 2119RA277,TX1000 with bucket attachment,03/29/2025,11/20/2025,PO-43306,RITM591600,$3807.17,—,admin
2026,17,"Kelley, Acosta and Salazar",Boom Lift,1918R3157,45 Articulated Boom lift,04/14/2025,09/16/2025,PO-99048,RITM446659,$2650.83,—,admin
2026,17,"Kelley, Acosta and Salazar",Telehandler,197R291,TL642,07/24/2026,11/26/2027,PO-90116,RITM341395,$3149.24,—,admin
2026,17,"Kelley, Acosta and Salazar",Telehandler,197R294 207RA410,TL642,06/19/2026,09/10/2027,PO-65562,RITM331833,$3853.25,—,admin
2026,17,"Kelley, Acosta and Salazar",Telehandler,197R299 207RA386,TL943,01/23/2025,04/13/2025,PO-93497,RITM928241,$2071.18,—,admin
2026,17,"Kelley, Acosta and Salazar",Broce Broom,2019R1805,8 Diesel,04/17/2025,01/09/2026,PO-59465,RITM346463,$1842.26,—,admin
2026,17,"Kelley, Acosta and Salazar",Scissor Lift,2118R3408,4732 Electric scissor lift,07/13/2025,06/23/2026,PO-74289,RITM529728,$583.36,—,admin
2026,17,"Kelley, Acosta and Salazar",Scissor Lift,2118R3513,19 Electric scissor lift,08/08/2026,11/11/2027,PO-67625,RITM716064,$824.94,—,admin
2026,17,"Kelley, Acosta and Salazar",Scissor Lift,2118R3607,14 Electric scissor lift,10/04/2025,03/19/2026,PO-26406,RITM730201,$462.52,—,admin
2026,17,"Kelley, Acosta and Salazar",Scissor Lift,2118R3647,19 Electric scissor lift,05/03/2025,01/03/2026,PO-69317,RITM601778,$868.49,—,admin
2026,17,"Kelley, Acosta and Salazar",Boom Lift,2118R3733,Z45 Articulated Boom lift,05/26/2026,02/21/2027,PO-45415,RITM679268,$1929.85,—,admin
2026,17,"Kelley, Acosta and Salazar",Boom Lift,2118R3941,S65 Straight boom lift,01/28/2026,04/02/2026,PO-55416,RITM508162,$2542.75,—,admin
2026,17,"Kelley, Acosta and Salazar",Boom Lift,2118R3945,450AJ Articulated Boom lift,01/02/2025,09/22/2025,PO-25898,RITM888352,$3160.30,—,admin
2026,17,"Kelley, Acosta and Salazar",Light Tower,2119R2016,4 Bulb Light Tower,03/06/2026,03/23/2027,PO-47077,RITM177558,$2968.57,—,admin
2026,17,"Kelley, Acosta and Salazar",Light Tower,2119R2021,4 Bulb Light Tower,11/28/2025,02/01/2027,PO-50943,RITM845429,$1658.85,—,admin
2026,17,"Kelley, Acosta and Salazar",Light Tower,2119R2025,4 Bulb Light Tower,01/03/2026,11/25/2026,PO-36645,RITM990345,$1333.93,—,admin
2026,17,"Kelley, Acosta and Salazar",Light Tower,2119R2034,4 Bulb Light Tower,05/03/2026,08/03/2026,PO-81553,RITM924719,$1676.60,—,admin
2026,17,"Kelley, Acosta and Salazar",Air Compressor & Attachments,2121R734,185 Compressor,09/17/2025,11/01/2025,PO-48695,RITM900244,$1363.65,—,admin
2026,17,"Kelley, Acosta and Salazar",Air Compressor & Attachments,2121R797,375 CFM air compressor,04/07/2025,05/15/2025,PO-39223,RITM401107,$3550.55,—,admin
2026,17,"Kelley, Acosta and Salazar",Vehicle Attachments,216RA3334,SSL-Pallet Forks,08/03/2026,04/19/2027,PO-23492,RITM424974,$1660.48,—,admin
2026,17,"Kelley, Acosta and Salazar",Telehandler,217R352,TL1255,10/21/2025,08/27/2026,PO-17612,RITM861881,$3315.12,—,admin
2026,17,"Kelley, Acosta and Salazar",Telehandler,217R497 207RA315,TL943 attachment,11/19/2025,04/19/2027,PO-68872,RITM390867,$3639.88,—,admin
2026,17,"Kelley, Acosta and Salazar",Telehandler,217R499,TL943,07/25/2025,03/21/2026,PO-10307,RITM824830,$872.57,—,admin
2026,17,"Kelley, Acosta and Salazar",Scissor Lift,2218R3816,32 RT Diesel scissor lift,08/17/2026,09/19/2026,PO-46739,RITM689565,$572.62,—,admin
2026,17,"Kelley, Acosta and Salazar",Manlift,2218R4057,26 Electric Single Manlift,12/05/2025,03/30/2027,PO-91388,RITM993889,$2374.73,—,admin
2026,17,"Kelley, Acosta and Salazar",Scissor Lift,2218R4146,30 Electric scissor lift,01/15/2026,03/16/2026,PO-75570,RITM197470,$1180.64,—,admin
2026,17,"Kelley, Acosta and Salazar",Scissor Lift,2218R4181,19 Electric scissor lift,11/30/2025,02/02/2026,PO-77550,RITM802094,$1169.86,—,admin
2026,17,"Kelley, Acosta and Salazar",Scissor Lift,2218R4296,3226 Electric scissor lift,03/20/2026,02/13/2027,PO-73325,RITM452871,$305.17,—,admin
2026,17,"Kelley, Acosta and Salazar",Scissor Lift,2218R4735,26 Electric scissor lift,08/02/2026,12/31/2026,PO-16188,RITM367952,$1163.03,—,admin
2026,17,"Kelley, Acosta and Salazar",Air Compressor & Attachments,2221R815,185 CFM air compressor,04/28/2026,04/07/2027,PO-25475,RITM590292,$2165.49,—,admin
2026,17,"Kelley, Acosta and Salazar",Air Compressor & Attachments,2221R831,185 CFM air compressor,02/01/2026,04/21/2026,PO-83213,RITM875959,$1650.58,—,admin
2026,17,"Kelley, Acosta and Salazar",Cart,2223R524,large 2 passager cab cart,09/20/2025,11/14/2026,PO-46665,RITM546570,$2366.38,—,admin
2026,17,"Kelley, Acosta and Salazar",Vehicle Attachments,226RA3826,snow box 8,05/27/2025,06/08/2026,PO-66963,RITM739998,$2940.47,—,admin
2026,17,"Kelley, Acosta and Salazar",Track Loader,226RU49,9/15/1900 0:00,11/12/2025,04/19/2027,PO-53614,RITM723333,$20733.19,—,admin
2026,17,"Kelley, Acosta and Salazar",Track Loader,226RU66,9/15/1900 0:00,07/28/2026,11/30/2026,PO-35467,RITM195129,$22257.82,—,admin
2026,17,"Kelley, Acosta and Salazar",Track Loader,226RU88,10/25/1900 0:00,07/11/2026,08/10/2027,PO-31682,RITM379755,$19545.48,—,admin
2026,17,"Kelley, Acosta and Salazar",Telehandler,227R532,TL1255,05/04/2025,11/17/2025,PO-45727,RITM210403,$3896.42,—,admin
2026,17,"Kelley, Acosta and Salazar",Telehandler,227R551 236RA3937,TH255,07/14/2025,08/25/2025,PO-39149,RITM226257,$1599.37,—,admin
2026,17,"Kelley, Acosta and Salazar",Light Tower,2319R2112,4 Bulb Light Tower,10/28/2025,03/04/2027,PO-29963,RITM236021,$3871.65,—,admin
2026,17,"Kelley, Acosta and Salazar",Light Tower,2319R2246,4 Bulb Light Tower,01/21/2026,12/26/2026,PO-71014,RITM951794,$1451.64,—,admin
2026,17,"Kelley, Acosta and Salazar",Light Tower,2319R2283,4 Bulb Light Tower,01/17/2026,05/29/2026,PO-88199,RITM219342,$2537.15,—,admin
2026,17,"Kelley, Acosta and Salazar",Light Tower,2319R2291,4 Bulb Light Tower,05/14/2025,09/27/2025,PO-28122,RITM929458,$1419.86,—,admin
2026,17,"Kelley, Acosta and Salazar",Cart,2323R903,4 seat gas cab cart,04/23/2026,04/26/2027,PO-31677,RITM964594,$969.12,—,admin
2026,17,"Kelley, Acosta and Salazar",Mini Skid Steer,2326R30 2326RA436,TX1000 MSL with bucket attachment,06/25/2026,05/31/2027,PO-74353,RITM167662,$3287.69,—,admin
2026,17,"Kelley, Acosta and Salazar",Air Compressor & Attachments,2421R991,375 compressor,04/16/2025,01/27/2026,PO-41746,RITM228019,$3081.78,—,admin
2026,17,"Kelley, Acosta and Salazar",Cart,2423R966,XD2000G,06/27/2025,07/27/2026,PO-74496,RITM183381,$2620.44,—,admin
2026,17,"Kelley, Acosta and Salazar",SWEEPER,246RA4523,72 PICK UP BROOM,02/27/2025,08/02/2026,PO-94290,RITM966717,$2534.81,—,admin
2026,17,"Kelley, Acosta and Salazar",Vehicle Attachments,256RA4949,74 BUCKET,02/20/2025,07/04/2025,PO-16133,RITM725019,$2921.70,—,admin
2026,17,"Kelley, Acosta and Salazar",Boom Lift,B02365SM,Z80 Articulated Boom lift,01/01/2026,02/11/2027,PO-60393,RITM812484,$2840.84,—,admin
2026,17,"Kelley, Acosta and Salazar",Boom Lift,B04841,Z30 Electric Boom Lift,01/06/2025,05/18/2026,PO-60425,RITM972013,$1447.59,—,admin
2026,17,"Kelley, Acosta and Salazar",Boom Lift,B07366,40 Electric Boom Lift,06/22/2026,09/20/2027,PO-98310,RITM366462,$1027.78,—,admin
2026,17,"Kelley, Acosta and Salazar",Scissor Lift,B07463,19 Electric scissor lift,07/10/2026,12/30/2026,PO-17330,RITM236566,$529.30,—,admin
2026,17,"Kelley, Acosta and Salazar",Scissor Lift,B07464,19 Electric scissor lift,02/07/2025,12/20/2025,PO-34355,RITM482727,$356.89,—,admin
2026,17,"Kelley, Acosta and Salazar",Scissor Lift,B07473,3226 Electric scissor lift,05/20/2026,07/19/2026,PO-85884,RITM566117,$730.17,—,admin
2026,17,"Kelley, Acosta and Salazar",Boom Lift,B07541,45 Articulated Boom lift,05/26/2026,06/28/2026,PO-97552,RITM842282,$2602.07,—,admin
2026,17,"Kelley, Acosta and Salazar",Boom Lift,B07546,Z45 Articulated Boom lift,01/09/2025,06/06/2025,PO-63418,RITM658455,$2050.38,—,admin
2026,17,"Kelley, Acosta and Salazar",Scissor Lift,B16324,19 Electric scissor lift,06/10/2026,06/30/2027,PO-17741,RITM868895,$882.03,—,admin
2026,17,"Kelley, Acosta and Salazar",Scissor Lift,B16327,19 Electric scissor lift,06/10/2025,09/27/2025,PO-24011,RITM552718,$361.14,—,admin
2026,17,"Kelley, Acosta and Salazar",Scissor Lift,B16343,19 Electric scissor lift,08/27/2025,11/04/2026,PO-59567,RITM157312,$615.90,—,admin
2026,17,"Kelley, Acosta and Salazar",Scissor Lift,B16347,19 Electric scissor lift,10/25/2025,09/27/2026,PO-88177,RITM399910,$530.07,—,admin
2026,17,"Kelley, Acosta and Salazar",Scissor Lift,B16786SM,20 Electric scissor lift,08/27/2025,09/04/2026,PO-68429,RITM181554,$447.92,—,admin
2026,17,"Kelley, Acosta and Salazar",Scissor Lift,B16789SM,20 Electric scissor lift,07/15/2026,03/15/2027,PO-40975,RITM515300,$1154.40,—,admin
2026,17,"Kelley, Acosta and Salazar",Boom Lift,B16794SM,Z60 Articulated Boom lift,04/28/2026,02/10/2027,PO-46943,RITM446889,$2256.31,—,admin
2026,17,"Kelley, Acosta and Salazar",Boom Lift,B16798SM,125 Straight boom lift,09/14/2025,09/19/2026,PO-89136,RITM563404,$2077.23,—,admin
2026,17,"Kelley, Acosta and Salazar",Air Compressor & Attachments,B16803SM,375 CFM air compressor,08/05/2026,08/28/2027,PO-94752,RITM173797,$1230.04,—,admin
2026,17,"Kelley, Acosta and Salazar",Boom Lift,B16811SM,800AJ Articulated Boom lift,11/10/2025,11/06/2026,PO-41350,RITM335387,$2651.54,—,admin
2026,17,"Kelley, Acosta and Salazar",Boom Lift,B16817SM,Z80 Articulated Boom lift,05/04/2026,09/08/2027,PO-29703,RITM151759,$3167.89,—,admin
2026,17,"Kelley, Acosta and Salazar",Boom Lift,B16842SM,Z45 Articulated Boom lift,04/08/2026,07/12/2026,PO-25719,RITM755529,$2513.14,—,admin
2026,17,"Kelley, Acosta and Salazar",Boom Lift,B16860SM,30 Electric Boom Lift,07/18/2025,09/16/2026,PO-55848,RITM745375,$2555.78,—,admin
2026,17,"Kelley, Acosta and Salazar",Boom Lift,B16868SM,S45 Straight boom lift,05/03/2025,09/28/2026,PO-16653,RITM202588,$1402.94,—,admin
2026,17,"Kelley, Acosta and Salazar",Boom Lift,B16877SM,30 Electric Boom Lift,06/11/2026,02/17/2027,PO-36511,RITM501147,$3122.41,—,admin
2026,17,"Kelley, Acosta and Salazar",Boom Lift,B16878SM,30 Electric Boom Lift,10/12/2025,03/16/2027,PO-26827,RITM639744,$2012.16,—,admin
2026,17,"Kelley, Acosta and Salazar",Scissor Lift,B16920SM,19 Electric scissor lift,10/12/2025,11/29/2025,PO-59763,RITM987900,$560.48,—,admin
2026,17,"Kelley, Acosta and Salazar",Boom Lift,B20629,S65 Straight boom lift,10/15/2025,02/12/2026,PO-38280,RITM167626,$1903.72,—,admin
2026,17,"Kelley, Acosta and Salazar",Telehandler,K3302,TL1055,06/25/2026,09/20/2027,PO-56145,RITM853606,$1749.69,—,admin
2026,17,"Kelley, Acosta and Salazar",Skid steer,RF0221,S70 Bobcat skid steer,02/04/2025,12/29/2025,PO-67415,RITM221989,$2977.81,—,admin
2026,17,"Kelley, Acosta and Salazar",Skid Steer,RF0222,S70 Bobcat skid steer,10/15/2025,01/13/2027,PO-95221,RITM389969,$3623.72,—,admin
2026,17,"Kelley, Acosta and Salazar",Skid Steer,RF0284,S70 Bobcat skid steer,01/09/2026,03/23/2026,PO-48088,RITM987122,$3566.26,—,admin
2026,17,"Kelley, Acosta and Salazar",Air Compressor & Attachments,UNKNOWN,185 compressor,11/18/2025,01/11/2027,PO-74265,RITM363649,$2114.14,—,admin
2026,17,"Kelley, Acosta and Salazar",Track Loader,X4072,9/15/1900 0:00,03/23/2025,07/15/2025,PO-13723,RITM391524,$19216.83,—,admin
2026,17,"Kelley, Acosta and Salazar",Telehandler,X4415 B21320,TH255 ATTACHMENT,08/28/2025,09/21/2026,PO-94667,RITM707984,$902.53,—,admin
2026,17,"Kelley, Acosta and Salazar",Telehandler,X4416 B21218,TH255,10/24/2025,08/29/2026,PO-66323,RITM324703,$1045.62,—,admin
2026,17,"Kelley, Acosta and Salazar",Telehandler,X4417 B08944,TH255 Attachment,05/31/2026,10/23/2026,PO-97056,RITM822382,$2990.62,—,admin
2026,17,"Kelley, Acosta and Salazar",Telehandler,X4418,TH255,05/31/2025,08/31/2026,PO-34413,RITM422320,$3952.56,—,admin
2026,17,"Kelley, Acosta and Salazar",Telehandler,X4419 227RA668,TL642,08/08/2025,11/20/2026,PO-33939,RITM597969,$2137.54,—,admin
2026,17,"Kelley, Acosta and Salazar",Telehandler,X4429 237RA811,TL1055 with forks attachment,07/26/2025,08/08/2026,PO-64690,RITM124606,$1698.67,—,admin
2026,17,"Kelley, Acosta and Salazar",Telehandler,X4436,TL1255,03/11/2025,10/06/2025,PO-70100,RITM869727,$3412.10,—,admin
2026,17,"Kelley, Acosta and Salazar",Telehandler,X4438 217RA457,TL1255 attachment,04/01/2025,05/28/2026,PO-93586,RITM180803,$843.49,—,admin
2026,17,"Kelley, Acosta and Salazar",Skid Steer,X4987 B26055,266 with bucket attachment,08/20/2026,09/23/2027,PO-12159,RITM219136,$952.10,—,admin
2026,17,"Kelley, Acosta and Salazar",Telehandler,X5304,TL1055,11/18/2025,09/03/2026,PO-97778,RITM526603,$2968.65,—,admin
2026,17,"Kelley, Acosta and Salazar",Telehandler,X5306 237RA698,TL1255,09/20/2025,05/20/2026,PO-45461,RITM648417,$3785.53,—,admin
2026,17,"Kelley, Acosta and Salazar",Skid steer,X9340 NA04223,226 with attachment,07/24/2026,07/06/2027,PO-44736,RITM597027,$3134.13,—,admin
2026,17,"Kelley, Acosta and Salazar",Skid steer,y00081,9/18/1900 0:00,06/07/2025,09/16/2026,PO-70841,RITM660386,$2732.32,—,admin
2026,17,Lee-Jordan,Mobile Trailer,UNKNOWN,Mobile Trailer,02/13/2026,07/24/2027,PO-87653,RITM807078,$763.69,—,admin
2026,17,Marshall Group,Telehandler,0160061987,55ft 10K TELE - G10-55A I#-2350,03/02/2025,07/25/2026,PO-62074,RITM297801,$1268.61,—,admin
2026,17,Marshall Group,Telehandler,0160118129,"54ft 10K TELE - 10054, DSL, CAB, AC, FF",07/11/2025,11/11/2025,PO-51047,RITM985439,$3263.47,—,admin
2026,17,Marshall Group,Boom Lift,0200261063,19ft ELEC SCISS – SJ3219,12/02/2025,08/23/2026,PO-71714,RITM773001,$1053.70,—,admin
2026,17,Marshall Group,Boom Lift,0300118333,30ft Articulating Boom Lift,08/06/2025,12/09/2025,PO-90859,RITM976223,$2543.39,—,admin
2026,17,Marshall Group,Boom Lift,0300182735,"UL 120ft BM w/Jib - 1200SJP, FF, G/W, SGD",03/26/2026,09/10/2027,PO-64644,RITM996399,$2455.80,—,admin
2026,17,Marshall Group,Boom Lift,0300213625,"60ft BM ART - 600AJ, DSL, G/W, FF",08/25/2025,11/12/2026,PO-94547,RITM951653,$1995.82,—,admin
2026,17,Marshall Group,Boom Lift,0300290640,60ft RT Articulating Boom Lift,09/13/2025,03/31/2026,PO-21327,RITM161949,$2504.93,—,admin
2026,17,Marshall Group,Scissor Lift,22149807,19ft ELEC SCISS – SJ3219,01/03/2025,01/12/2026,PO-52252,RITM459578,$1021.61,—,admin
2026,17,Marshall Group,Boom Lift,300135216 / 0300289362 (New unit),135ft Boom Lift with jib,11/18/2025,05/20/2026,PO-44289,RITM225842,$1168.70,—,admin
2026,17,Marshall Group,Boom Lift,300277881,"45ft RT ART BM - 450AJ, DSL, G/W",09/20/2025,06/17/2026,PO-74232,RITM613734,$3244.50,—,admin
2026,17,Marshall Group,Boom Lift,300301936,"45ft RT ART BM - 450AJ, DSL, G/W",06/22/2025,07/22/2025,PO-22239,RITM373937,$2295.40,—,admin
2026,17,Marshall Group,UTV,4XAP4FD47T8835416,"UTV, DSL 4x4 - Polaris ProXD4, Cab Heat",12/19/2025,02/27/2026,PO-32001,RITM612844,$3403.40,—,admin
2026,17,Marshall Group,UTV,4XAP4FD48T8835456,"UTV, DSL 4x4 - Polaris ProXD4, Cab, Heat",04/26/2025,09/20/2025,PO-40043,RITM296366,$2953.93,—,admin
2026,17,Marshall Group,CRANE,MG-77391,45-Ton Rough Terrain Crane,04/13/2026,07/11/2026,PO-2026-0491,—,$8400.00,—,admin
2026,17,Marshall Group,LIFT,MG-77392,Telescopic Boom Lift — 86 ft,04/14/2026,—,PO-2026-0492,—,$4950.00,—,admin
2026,17,Marshall Group,Boom Lift,S60XH-39557,"60ft BM - S-60X, DSL, FF, G/W",01/31/2025,10/22/2025,PO-96506,RITM822266,$2999.25,—,admin
2026,17,Marshall Group,Welding Equipment,UNKNOWN,Welder and lead cable kit,05/27/2025,12/30/2025,PO-29950,RITM645072,$2612.86,—,admin
2026,17,Marshall Group,Boom Lift,Z34NF-17884,"34ft Elec Art BM - Z34/22N, NM/T",10/19/2025,02/24/2026,PO-16066,RITM483719,$2832.58,—,admin
2026,17,Marshall Group,Boom Lift,Z62H-3493,62ft RT Articulating Boom Lift,10/05/2025,08/05/2026,PO-84813,RITM650284,$3198.95,—,admin
2026,17,Marshall Group,Boom Lift,Z80H-7449,"80ft RT ART BM - Z80/60, DSL, FF, G/W",06/11/2025,10/27/2026,PO-76289,RITM563879,$2319.58,—,admin
2026,17,"Mclaughlin, Banks and Grant",Coil Truck,44050,Taylor X650L,06/10/2025,05/21/2026,PO-28865,RITM941595,$719.87,—,admin
2026,17,"Morales, Allen and Jones",Welding Equipment,ES2-001388,300AMP 4-Pack,02/28/2025,05/19/2025,PO-15799,RITM314727,$1860.76,—,admin
2026,17,"Morales, Allen and Jones",Welding Equipment,EZ3-000083,350AMP 4-Pack,10/10/2025,04/10/2026,PO-85648,RITM308944,$1621.10,—,admin
2026,17,"Morales, Allen and Jones",Welding Equipment,EZ3-008370,350AMP 4-Pack,11/03/2025,01/10/2027,PO-91194,RITM968250,$1551.83,—,admin
2026,17,"Morales, Allen and Jones",Welding Equipment,WD3-001661,300AMP Diesel,04/19/2026,09/27/2027,PO-74706,RITM552799,$2227.69,—,admin
2026,17,"Morales, Allen and Jones",Welding Equipment,WD3-001808,300AMP Diesel,11/12/2025,01/18/2027,PO-93363,RITM851069,$1552.00,—,admin
2026,17,"Morales, Allen and Jones",Welding Equipment,WD4-000430,500AMP Diesel,11/12/2025,11/26/2026,PO-70721,RITM349135,$1096.72,—,admin
2026,17,"Morales, Allen and Jones",Welding Equipment,WD4-001785,400AMP Diesel,06/23/2026,01/12/2027,PO-33783,RITM547994,$931.08,—,admin
2026,17,"Morales, Allen and Jones",Welding Equipment,WD5-001359,(2) 500 AMP Diesels,08/30/2025,12/05/2025,PO-18689,RITM758434,$3427.46,—,admin
2026,17,Myers Inc,SWEEPING,MI-3309,4-Yard Debris Box Hopper (additional unit — pit area expansion),04/13/2026,—,PO-2026-0499,—,$1100.00,—,admin
2026,17,Nguyen Ltd,Forklift,000C01078521,11000 PNEU DC,06/18/2026,12/02/2027,PO-64602,RITM627731,$4055.48,—,admin
2026,17,Nguyen Ltd,Forklift,160093423,"12,000 Telehandler",02/05/2026,07/08/2026,PO-51173,RITM338798,$3641.53,—,admin
2026,17,Nguyen Ltd,Reach Truck,2GL02561,4000 REACH,08/25/2025,07/18/2026,PO-82147,RITM488024,$2044.34,—,admin
2026,17,Nguyen Ltd,Tractor,30084,70000 CUSHION,08/05/2025,12/05/2026,PO-93010,RITM612913,$3141.49,—,admin
2026,17,Nguyen Ltd,Tractor,30183,70000 RAM,07/31/2026,09/27/2027,PO-69968,RITM338800,$3660.45,—,admin
2026,17,Nguyen Ltd,Walkie Pallet Stacker,3291300598,4000 STACKER,05/19/2026,03/01/2027,PO-16228,RITM866347,$3119.46,—,admin
2026,17,Nguyen Ltd,Walkie Pallet Stacker,3292101906,4000 STACKER,11/07/2025,02/23/2026,PO-14202,RITM806932,$1143.47,—,admin
2026,17,Nguyen Ltd,Forklift,3301700644,"3,300 LB STACKER",11/02/2025,02/03/2026,PO-52650,RITM633946,$1559.12,—,admin
2026,17,Nguyen Ltd,Walkie Pallet Stacker,3301800966,3300 WALKIE,01/11/2026,03/09/2026,PO-92667,RITM438210,$1540.75,—,admin
2026,17,Nguyen Ltd,Walkie Pallet Stacker,3311803262,4000 Elect,03/03/2025,08/08/2026,PO-75482,RITM387163,$1261.52,—,admin
2026,17,Nguyen Ltd,Forklift,3312101636,"3,000 LB ELEC",07/04/2026,08/18/2027,PO-26783,RITM458601,$1327.32,—,admin
2026,17,Nguyen Ltd,Forklift,3312101638,"3,000 LB ELC",10/13/2025,03/28/2026,PO-32953,RITM993534,$3931.65,—,admin
2026,17,Nguyen Ltd,Forklift,3321602139,"3,500 LB WALKIE",08/25/2025,11/22/2025,PO-97898,RITM430986,$4181.88,—,admin
2026,17,Nguyen Ltd,Forklift,402EF0000276,"3,500 LB ELEC",04/20/2025,04/24/2026,PO-46911,RITM132007,$2223.27,—,admin
2026,17,Nguyen Ltd,Walkie Pallet Stacker,4543069,4000 Walkie,12/19/2025,11/01/2026,PO-33499,RITM972922,$1300.26,—,admin
2026,17,Nguyen Ltd,Forklift,4NR2606716,ELECTRIC,08/20/2025,11/26/2026,PO-12566,RITM902828,$1816.53,—,admin
2026,17,Nguyen Ltd,Forklift,797928,6000 RT HS,09/01/2025,01/18/2027,PO-65631,RITM135233,$2287.56,—,admin
2026,17,Nguyen Ltd,Walkie Pallet Stacker,98386914,4500 WALKIE,04/30/2025,03/11/2026,PO-89544,RITM850323,$519.35,—,admin
2026,17,Nguyen Ltd,Walkie Pallet Stacker,98386915,4500 WALKIE,05/11/2026,02/03/2027,PO-86780,RITM389114,$3563.05,—,admin
2026,17,Nguyen Ltd,Forklift,A03HF0002068,15500 PNEU DFP,03/02/2026,05/26/2027,PO-24863,RITM193150,$4174.33,—,admin
2026,17,Nguyen Ltd,Forklift,A2EC361868,5000 Elect,01/22/2025,11/02/2025,PO-67852,RITM448216,$3815.18,—,admin
2026,17,Nguyen Ltd,Forklift,A4EC340604,6000 Elect,08/29/2025,11/13/2026,PO-85858,RITM970896,$2763.03,—,admin
2026,17,Nguyen Ltd,Forklift,A4EC380377,6000 Electric,05/31/2025,10/27/2026,PO-51903,RITM675522,$2244.04,—,admin
2026,17,Nguyen Ltd,Forklift,A4EC381069,6000 Elect,03/07/2025,05/19/2025,PO-27951,RITM847168,$2383.48,—,admin
2026,17,Nguyen Ltd,Forklift,AE6AF0000398,6000 Electric,02/12/2026,04/01/2027,PO-31331,RITM254942,$1930.68,—,admin
2026,17,Nguyen Ltd,Forklift,AT12B00097,8000 Pneu D,02/08/2026,10/01/2026,PO-73490,RITM282373,$3501.04,—,admin
2026,17,Nguyen Ltd,Forklift,AT13F40057,"6,000 PNEU LPG",01/06/2026,04/06/2027,PO-95625,RITM997583,$4855.88,—,admin
2026,17,Nguyen Ltd,Forklift,AT13F60180,7000 PNEU LPG,07/13/2025,10/12/2025,PO-70503,RITM544037,$3134.51,—,admin
2026,17,Nguyen Ltd,Forklift,AT14E01303,6000 PNEU-DC,06/09/2025,04/26/2026,PO-89474,RITM307846,$1150.69,—,admin
2026,17,Nguyen Ltd,Forklift,AT14E30670,6000 PNEU D,04/25/2025,11/16/2025,PO-12912,RITM412182,$2278.31,—,admin
2026,17,Nguyen Ltd,Forklift,AT14E40066,6000 PNEU DC,03/31/2026,04/10/2027,PO-47679,RITM867208,$3298.81,—,admin
2026,17,Nguyen Ltd,Forklift,AT14E40071,6000 PNEU D,06/22/2026,09/18/2027,PO-31841,RITM255341,$4223.26,—,admin
2026,17,Nguyen Ltd,Forklift,AT14G00021,6000 PNEU D,07/21/2025,12/15/2026,PO-54204,RITM835893,$1835.33,—,admin
2026,17,Nguyen Ltd,Forklift,AT14G00039,6000 PNEU DC,02/17/2026,05/26/2027,PO-31133,RITM409284,$3272.55,—,admin
2026,17,Nguyen Ltd,Forklift,AT14G00040,"6,000 PNEU DC",03/06/2026,04/08/2027,PO-54195,RITM614114,$3811.44,—,admin
2026,17,Nguyen Ltd,Forklift,AT14G00042,6000 PNEU DC,11/27/2025,04/27/2026,PO-20569,RITM174092,$1476.06,—,admin
2026,17,Nguyen Ltd,Forklift,AT14G00671,6000 PNEU DCFP,03/04/2026,12/17/2026,PO-92375,RITM447897,$2947.08,—,admin
2026,17,Nguyen Ltd,Forklift,AT14G01222,"6,000 LB PNEU DC",05/21/2025,07/01/2025,PO-60852,RITM846771,$2958.14,—,admin
2026,17,Nguyen Ltd,Forklift,AT14G01515,"6,000 LB PNEU DC",06/19/2026,11/02/2026,PO-20504,RITM384790,$3864.95,—,admin
2026,17,Nguyen Ltd,Forklift,AT14G50119,6500 PNEU DFP,10/15/2025,08/04/2026,PO-61002,RITM391940,$3143.28,—,admin
2026,17,Nguyen Ltd,Forklift,AT14G50120,6500 PNEU DFP,09/23/2025,06/24/2026,PO-15159,RITM725745,$1711.29,—,admin
2026,17,Nguyen Ltd,Forklift,AT14G50268,6000 PNEU D,04/11/2025,03/06/2026,PO-57855,RITM922200,$806.10,—,admin
2026,17,Nguyen Ltd,Forklift,AT14G50480,"9,000 LB PNEU DC",03/07/2025,03/01/2026,PO-37578,RITM839019,$858.82,—,admin
2026,17,Nguyen Ltd,Forklift,AT14G50486,6000 PNEU DC,01/26/2026,02/03/2027,PO-50765,RITM102141,$4748.42,—,admin
2026,17,Nguyen Ltd,Forklift,AT14G50487,"7,000 PNEU",03/04/2025,04/05/2025,PO-32577,RITM614887,$3458.92,—,admin
2026,17,Nguyen Ltd,Forklift,AT14G50573,6500 PNEU DC,01/01/2025,11/12/2025,PO-54521,RITM718261,$2982.66,—,admin
2026,17,Nguyen Ltd,Forklift,AT14G50574,"6,500 LB PNEU DIE",12/28/2025,03/10/2026,PO-32067,RITM865757,$4334.18,—,admin
2026,17,Nguyen Ltd,Forklift,AT14G50575,6500 PNEU DC,07/18/2026,11/04/2026,PO-47108,RITM381658,$4444.84,—,admin
2026,17,Nguyen Ltd,Forklift,AT14G50576,6500 PNEU D,03/29/2025,05/23/2026,PO-35794,RITM810285,$4457.78,—,admin
2026,17,Nguyen Ltd,Forklift,AT19C02407,"8,000 LB PNEU DC",04/29/2026,04/13/2027,PO-49628,RITM191597,$4471.61,—,admin
2026,17,Nguyen Ltd,Forklift,AT19C70278,9000 Pneu D,09/05/2025,12/01/2025,PO-27471,RITM600795,$1395.42,—,admin
2026,17,Nguyen Ltd,Forklift,AT19C80420,10000 PNEU D,02/24/2025,12/03/2025,PO-54894,RITM844432,$1254.87,—,admin
2026,17,Nguyen Ltd,Forklift,AT19D50081,9000 Pneu D,05/31/2026,09/19/2026,PO-63906,RITM862428,$3558.45,—,admin
2026,17,Nguyen Ltd,Forklift,AT19D50082,9000 PNEU D,01/13/2026,04/19/2027,PO-88041,RITM503386,$1029.95,—,admin
2026,17,Nguyen Ltd,Forklift,AT19D50370,9000 PNEU DC,02/04/2025,07/31/2025,PO-20944,RITM886284,$4051.58,—,admin
2026,17,Nguyen Ltd,Forklift,AT19D50371,9000 PNEU DC,12/03/2025,10/22/2026,PO-82944,RITM299427,$1386.28,—,admin
2026,17,Nguyen Ltd,Forklift,AT19E50120,12000 PNEU DC,10/13/2025,10/06/2026,PO-78962,RITM919990,$2932.52,—,admin
2026,17,Nguyen Ltd,Forklift,AT19E50121,9000 PNEU D,04/12/2026,03/10/2027,PO-93153,RITM327387,$3269.98,—,admin
2026,17,Nguyen Ltd,Forklift,AT19E50275,9000 PNEU DC,07/21/2025,12/20/2026,PO-56241,RITM594163,$2438.31,—,admin
2026,17,Nguyen Ltd,Forklift,AT19E50278,9000 Pneu,05/01/2025,03/14/2026,PO-45799,RITM215883,$4439.79,—,admin
2026,17,Nguyen Ltd,Forklift,AT19E50574,"9,000 PNEU DC",07/27/2026,03/25/2027,PO-18887,RITM876859,$3467.41,—,admin
2026,17,Nguyen Ltd,Forklift,AT19E50584,"9,000 PNEU DC",04/01/2026,11/19/2026,PO-18309,RITM426556,$3176.23,—,admin
2026,17,Nguyen Ltd,Forklift,AT19E50597,9000 Pneu DC,02/27/2025,05/30/2026,PO-78485,RITM999166,$1197.83,—,admin
2026,17,Nguyen Ltd,Forklift,AT19F50107,"9,000 LB PNEU DCR",01/06/2025,09/25/2025,PO-29788,RITM182725,$2711.36,—,admin
2026,17,Nguyen Ltd,Forklift,AT3530622,5000 PNEU D,05/03/2025,03/09/2026,PO-19881,RITM884132,$4041.42,—,admin
2026,17,Nguyen Ltd,Forklift,AT3533073,5000 Pneu LP,12/30/2025,11/21/2026,PO-67226,RITM178327,$4458.20,—,admin
2026,17,Nguyen Ltd,Forklift,AT3533469,5000 PNEU LP,06/28/2026,05/13/2027,PO-80419,RITM997223,$2049.59,—,admin
2026,17,Nguyen Ltd,Forklift,AT35A07554,6000 Pneu LPG,03/06/2025,02/18/2026,PO-74501,RITM693717,$2780.51,—,admin
2026,17,Nguyen Ltd,Forklift,AT82D90034,5000 SHORT MAST,08/19/2026,02/02/2027,PO-58133,RITM381066,$2005.45,—,admin
2026,17,Nguyen Ltd,Forklift,ATB3150161,6000 Elect,12/23/2025,01/29/2026,PO-76917,RITM876495,$1536.31,—,admin
2026,17,Nguyen Ltd,Forklift,ATB3150169,"6,000 LB ELECTRIC",09/03/2025,05/30/2026,PO-29320,RITM421342,$3666.52,—,admin
2026,17,Nguyen Ltd,Forklift,ATB3151100,6000 ELEC,11/17/2025,03/07/2027,PO-40377,RITM747772,$3560.97,—,admin
2026,17,Nguyen Ltd,Forklift,B20700243,"55,000 LB PNEU DIE",07/21/2025,10/17/2026,PO-27104,RITM807784,$3485.28,—,admin
2026,17,Nguyen Ltd,Forklift,H14CJ0000897,"3,500 LB PNEU LPG",03/23/2025,05/29/2025,PO-44403,RITM337189,$928.00,—,admin
2026,17,Nguyen Ltd,Forklift,N04TE0005212,6000 PNEU DC,03/23/2025,07/07/2025,PO-87873,RITM952075,$3264.32,—,admin
2026,17,Nguyen Ltd,Forklift,N13CG0001515,"6,000 LB PNEU DC",08/15/2025,08/27/2026,PO-41335,RITM699940,$1575.99,—,admin
2026,17,Nguyen Ltd,Forklift,N13HF0003771,"6,000 PNEU D",11/01/2025,05/01/2026,PO-73793,RITM570110,$1615.43,—,admin
2026,17,Nguyen Ltd,Forklift,N14AF0000858,6500 PNEU D C,04/07/2025,02/12/2026,PO-14560,RITM491770,$4933.80,—,admin
2026,17,Nguyen Ltd,Forklift,N14EF0000900,6500 PNEU DC,02/23/2026,01/17/2027,PO-81339,RITM531145,$4366.52,—,admin
2026,17,Nguyen Ltd,Forklift,N44HF0000518,7000 Pneu D,08/01/2025,12/25/2026,PO-81681,RITM218418,$2446.85,—,admin
2026,17,Nguyen Ltd,Forklift,T23EF0001108,36000 PNEU DC,08/19/2025,09/14/2026,PO-98623,RITM465977,$3239.06,—,admin
2026,17,Nguyen Ltd,Forklift,V26CF0000208,9000 Pneu D,01/05/2025,03/21/2025,PO-26694,RITM998787,$2651.34,—,admin
2026,17,Nguyen Ltd,Forklift,V26CF0000273,9000 Pneu D,09/24/2025,12/14/2025,PO-13129,RITM174678,$1791.57,—,admin
2026,17,Nguyen Ltd,Forklift,V26EF0000272,9000 PNEU DC,02/14/2026,01/18/2027,PO-39545,RITM854146,$3575.31,—,admin
2026,17,Nguyen Ltd,Forklift,V28LF0001128,11000 DIE,08/19/2026,11/04/2027,PO-73469,RITM269153,$1330.12,—,admin
2026,17,Nguyen Ltd,Forklift,V28PF0001251,"11,000 PNEU D",08/10/2025,12/23/2025,PO-23354,RITM103501,$3337.86,—,admin
2026,17,Nguyen Ltd,Forklift,V28TF0001054,11000 PNEU DC,09/15/2025,09/08/2026,PO-75651,RITM385437,$2844.42,—,admin
2026,17,Nguyen Ltd,Forklift,V28VJ0000437,"9,000 PNEU DCFPA",07/18/2026,11/25/2026,PO-55068,RITM679857,$2463.77,—,admin
2026,17,Nguyen Ltd,Forklift,Y07AG0000475,3000 ELECTRIC,07/18/2025,12/16/2025,PO-45581,RITM892137,$2290.94,—,admin
2026,17,Nunez Group,Sweeper,147,Lg riding sweeper,08/18/2026,01/18/2028,PO-34667,RITM773699,$3095.68,—,admin
2026,17,Nunez Group,Scrubber,156,walkk behind scrubber,06/27/2026,08/22/2026,PO-93206,RITM868332,$3131.56,—,admin
2026,17,Nunez Group,Sweeper,164,riding sweeper,03/10/2026,04/15/2026,PO-78952,RITM564401,$3998.80,—,admin
2026,17,Nunez Group,Sweeper,201,riding sweeper,10/19/2025,04/18/2026,PO-57120,RITM219006,$3922.15,—,admin
2026,17,Nunez Group,Scrubber,202,riding sweeper,03/26/2025,06/12/2025,PO-23766,RITM568336,$1014.89,—,admin
2026,17,Nunez Group,Sweeper,207,riding sweeper,11/15/2025,07/09/2026,PO-61283,RITM615358,$3330.00,—,admin
2026,17,Nunez Group,Scrubber,209,sm riding scubber,06/19/2025,08/01/2026,PO-56072,RITM718115,$528.18,—,admin
2026,17,Nunez Group,Scrubber,213,scrubber,03/07/2026,08/17/2026,PO-68438,RITM331756,$1672.16,—,admin
2026,17,Nunez Group,Sweeper,214,walk behind sweeper,09/19/2025,12/04/2026,PO-61287,RITM757847,$3052.21,—,admin
2026,17,Nunez Group,Scrubber,A1,handheld scrubber,04/05/2026,08/23/2026,PO-35738,RITM931410,$3503.72,—,admin
2026,17,"Peterson, Kelly and Arnold",Tank Poly,241962,TANK POLY 6900,03/04/2026,09/03/2026,PO-92727,RITM738659,$890.59,—,admin
2026,17,"Peterson, Kelly and Arnold",Tank Poly,245057,TANK POLY 4900 OR1000,01/28/2026,12/23/2026,PO-26470,RITM416220,$1187.31,—,admin
2026,17,"Peterson, Kelly and Arnold",Tank Poly,245086,TANK POLY 6900 OR1000,04/24/2026,05/18/2027,PO-15633,RITM200506,$3178.00,—,admin
2026,17,"Peterson, Kelly and Arnold",Tank Poly,245123,TANK POLY 6900 OR1000,03/01/2025,07/09/2025,PO-46903,RITM650880,$1032.02,—,admin
2026,17,"Peterson, Kelly and Arnold",Tank Poly,245753,TANK POLY 6900 OR1000,10/09/2025,02/05/2027,PO-97238,RITM210458,$3559.78,—,admin
2026,17,"Peterson, Kelly and Arnold",Tank Poly,245801,TANK POLY 6900 OR1000,01/19/2026,02/28/2026,PO-58143,RITM524130,$1561.16,—,admin
2026,17,"Peterson, Kelly and Arnold",Tank Poly,245802,TANK POLY 4900 OR1000,01/11/2025,03/27/2025,PO-87301,RITM318485,$3840.13,—,admin
2026,17,"Peterson, Kelly and Arnold",Tank Poly,245816,TANK POLY 4900 OR1000,04/09/2025,05/14/2026,PO-79032,RITM108272,$2577.83,—,admin
2026,17,"Peterson, Kelly and Arnold",Tank Mixer,253370,TANK MIXER COIL 4PDL 10HP,08/19/2025,02/09/2026,PO-29751,RITM628518,$3212.61,—,admin
2026,17,"Peterson, Kelly and Arnold",Tank Standard Steel,254623,TANK BILEVEL UNCOATED,04/05/2025,06/26/2026,PO-30895,RITM956471,$3203.31,—,admin
2026,17,"Peterson, Kelly and Arnold",Tank Standard Steel,255642,TANK BILEVEL UNCOATED,02/11/2026,03/14/2026,PO-24107,RITM660982,$3405.17,—,admin
2026,17,"Peterson, Kelly and Arnold",Tank Mini Frac,265113,TANK ROLL OFF CLOSED,03/13/2026,11/29/2026,PO-63317,RITM322985,$2137.72,—,admin
2026,17,"Peterson, Kelly and Arnold",Tank Mixer,265130,TANK-MIXER COIL 4PDL 10HP,01/10/2026,05/17/2027,PO-75949,RITM630370,$3618.57,—,admin
2026,17,"Peterson, Kelly and Arnold",Tank Mixer,266481,TANK-MIXER COIL 4PDL 10HP,11/10/2025,06/02/2026,PO-98880,RITM902831,$3708.34,—,admin
2026,17,"Peterson, Kelly and Arnold",Box Vacuum,276701,BOX VACUUM 25YD,02/07/2026,03/14/2026,PO-55952,RITM629113,$665.85,—,admin
2026,17,"Peterson, Kelly and Arnold",Box Vacuum,276705,BOX VACUUM 25YD,07/09/2026,07/14/2027,PO-97477,RITM389348,$2522.62,—,admin
2026,17,"Peterson, Kelly and Arnold",Box Vacuum,279108,BOX VACUUM 25YD,06/27/2025,04/20/2026,PO-64886,RITM895662,$2317.73,—,admin
2026,17,"Peterson, Kelly and Arnold",Box Vacuum,279220,BOX VACUUM 25YD,01/19/2025,06/24/2026,PO-75693,RITM193053,$3014.57,—,admin
2026,17,"Peterson, Kelly and Arnold",Box Vacuum,279234,BOX VACUUM 25YD,02/25/2026,11/02/2026,PO-20134,RITM854120,$821.94,—,admin
2026,17,"Peterson, Kelly and Arnold",Box Vacuum,279358,BOX VACUUM 25YD,11/09/2025,03/25/2026,PO-18694,RITM182067,$3713.84,—,admin
2026,17,"Peterson, Kelly and Arnold",Box Vacuum,280762,BOX VACUUM 25YD,02/20/2026,08/02/2026,PO-30264,RITM924825,$3623.71,—,admin
2026,17,"Peterson, Kelly and Arnold",Box Vacuum,280813,BOX VACUUM 25YD,08/13/2026,10/19/2026,PO-35804,RITM783080,$851.29,—,admin
2026,17,"Peterson, Kelly and Arnold",Spillguard,285722,SPILLGUARD ECONT 10X50X1 A,10/06/2025,01/29/2026,PO-76659,RITM326198,$3484.88,—,admin
2026,17,"Peterson, Kelly and Arnold",Box Vacuum,290232,Box Vacuum 25YD,05/23/2025,08/09/2025,PO-15755,RITM518942,$1219.25,—,admin
2026,17,"Peterson, Kelly and Arnold",Fitting,320044,Adapter 4 Female Cam x FNPT AL,07/14/2026,04/15/2027,PO-16653,RITM356354,$3675.92,—,admin
2026,17,"Peterson, Kelly and Arnold",Fitting,320046,Adapter 4 Male Cam x MNPT AL,04/04/2025,05/26/2026,PO-24122,RITM545642,$1484.02,—,admin
2026,17,"Peterson, Kelly and Arnold",Fitting,323335,Adapter 2 Male Cam x FNPT AL,08/16/2026,06/16/2027,PO-55610,RITM633130,$3574.47,—,admin
2026,17,"Peterson, Kelly and Arnold",Float Switch,325990,Float Open Green w/ Tyco Lead 50,04/07/2026,12/14/2026,PO-85659,RITM863615,$2900.44,—,admin
2026,17,"Peterson, Kelly and Arnold",Pump,615290,Pump Trash 4 DV100C HD 404D22 TR,11/18/2025,12/08/2026,PO-61861,RITM955396,$3158.70,—,admin
2026,17,"Peterson, Kelly and Arnold",Pump,615295,Pump Trash 4 DV100C HD 404D22 TR,08/05/2025,01/27/2026,PO-77249,RITM760719,$1161.65,—,admin
2026,17,"Peterson, Kelly and Arnold",Pump,615397,Pump High Head 3 HH80C SD TR,10/07/2025,12/04/2025,PO-11837,RITM395318,$658.86,—,admin
2026,17,"Peterson, Kelly and Arnold",Pump,619066,Pump Trash 6 DV150C SD 4045TF290 CLEAN PRIME,01/02/2026,05/30/2026,PO-46161,RITM735257,$3423.21,—,admin
2026,17,"Peterson, Kelly and Arnold",Pump,620014,Pump Trash 4 DV100C Electric W/O Panel,08/05/2026,08/23/2027,PO-24291,RITM251100,$3784.55,—,admin
2026,17,"Peterson, Kelly and Arnold",Drive Variable Frequency,620190,Drive Variable Frequency 20HP,01/15/2025,06/08/2026,PO-53430,RITM701377,$1742.36,—,admin
2026,17,"Peterson, Kelly and Arnold",Fitting,720564,Adapter Reducing 6x4 Concentric Flange STL,01/17/2026,09/06/2026,PO-37345,RITM892221,$3412.18,—,admin
2026,17,"Peterson, Kelly and Arnold",Fitting,720826,Adapter 6 Flange x FNPT 150# STL,04/25/2026,03/02/2027,PO-59497,RITM985763,$2198.85,—,admin
2026,17,"Peterson, Kelly and Arnold",Fitting,722166,Elbow 6 90 Degree Female Cam x Male Cam AL,06/09/2025,08/17/2025,PO-97855,RITM105941,$3724.23,—,admin
2026,17,"Peterson, Kelly and Arnold",Hose,722455,Hose 4x50 Layflat Camlock 150#,04/05/2026,08/28/2026,PO-87008,RITM139809,$3140.10,—,admin
2026,17,"Peterson, Kelly and Arnold",Hose,722878,Hose 6x25 HD Tank Truck Camlock 75#,05/27/2026,09/26/2027,PO-80866,RITM710923,$1123.38,—,admin
2026,17,"Peterson, Kelly and Arnold",Hose,722880,Hose 4x25 HD Tank Truck Camlock 150#,04/12/2025,04/18/2026,PO-61321,RITM924688,$1429.67,—,admin
2026,17,"Peterson, Kelly and Arnold",Hose,722934,Hose 4x20 HD Tank Truck Camlock 150#,06/19/2025,11/07/2025,PO-46968,RITM596707,$1086.69,—,admin
2026,17,"Peterson, Kelly and Arnold",Tank Accessories,723229,PUMP-2 SUB PUMP-115V 1PH,03/05/2025,06/19/2025,PO-30902,RITM179384,$1367.93,—,admin
2026,17,"Peterson, Kelly and Arnold",Hose,723266,Hose 6x25 Braid Flange D x Flange T SS,06/15/2025,01/13/2026,PO-41779,RITM380885,$3721.29,—,admin
2026,17,"Peterson, Kelly and Arnold",Hose,723465,Hose 2x25 HD Tank Truck Camlock 150#,07/17/2025,10/19/2026,PO-43610,RITM931572,$1757.32,—,admin
2026,17,"Peterson, Kelly and Arnold",Level Monitoring,729975,Gauge Level Radar Battery Operated Gen.3 Omart Vega,10/29/2025,03/08/2026,PO-79415,RITM505881,$917.52,—,admin
2026,17,"Peterson, Kelly and Arnold",Spillguard,BE00713,Spillguard 19x19x3 High Wall HexaPro 40,06/07/2025,10/17/2025,PO-61935,RITM548851,$2502.82,—,admin
2026,17,"Peterson, Kelly and Arnold",Fitting,MR IND,4 NIPPLE,04/13/2026,09/28/2026,PO-15424,RITM533944,$1433.50,—,admin
2026,17,Preston LLC,Heater,UNKNOWN,1.5 Mil BTU,08/01/2026,10/03/2027,PO-69523,RITM488029,$1264.59,—,admin
2026,17,Reyes and Sons,Mini Picker,MP0093,Mini Picker,03/09/2025,03/28/2026,PO-61094,RITM622600,$573.62,—,admin
2026,17,Robbins and Sons,Crane,10596,Grove RT540E,06/22/2026,09/20/2026,PO-19759,RITM115674,$11505.90,—,admin
2026,17,Robbins and Sons,Crane,10629,Link-Belt RTC-8065,05/16/2025,09/03/2025,PO-39181,RITM988561,$4316.16,—,admin
2026,17,Robbins and Sons,Crane,10899,Terex RT230-2,01/02/2026,05/30/2027,PO-43565,RITM898183,$4587.36,—,admin
2026,17,Robbins and Sons,Crane,10919,Broderson IC-200,05/20/2026,10/13/2026,PO-69364,RITM637583,$6522.86,—,admin
2026,17,Robbins and Sons,Crane,10927,Terex RT230-1,02/28/2025,06/13/2025,PO-57058,RITM983412,$7852.71,—,admin
2026,17,Robbins and Sons,Crane,10939,Broderson RT-300-2G,01/21/2025,04/25/2026,PO-35246,RITM287029,$10857.20,—,admin
2026,17,Robbins and Sons,Crane,10940,Broderson RT-300-2G,08/22/2026,08/11/2027,PO-62357,RITM915458,$3624.57,—,admin
2026,17,Robbins and Sons,Crane,10941,Broderson RT-300-2G,03/03/2025,05/23/2025,PO-71104,RITM363250,$11571.72,—,admin
2026,17,Robbins and Sons,Crane,10942,Broderson RT-300-2G,05/12/2025,10/31/2026,PO-26950,RITM337965,$11046.21,—,admin
2026,17,Robbins and Sons,Crane,10943,Broderson RT-300-2G,07/20/2025,03/25/2026,PO-84437,RITM557393,$11388.38,—,admin
2026,17,Robbins and Sons,Crane,10944,Broderson RT-300-2G,01/08/2025,06/13/2026,PO-83229,RITM249839,$11185.94,—,admin
2026,17,Robbins and Sons,Crane,11037,Grove RT530E-2,09/08/2025,06/08/2026,PO-59284,RITM343496,$5862.14,—,admin
2026,17,Robbins and Sons,Crane,11613,Broderson RT-400,01/04/2025,02/09/2026,PO-56325,RITM814888,$8215.95,—,admin
2026,17,Robbins and Sons,Crane,11956,Tadano GR-350XL-3,06/10/2026,06/15/2027,PO-25368,RITM226495,$3947.56,—,admin
2026,17,Robbins and Sons,Crane,12043,Tadano GR-800XL-4,01/31/2026,05/13/2027,PO-49453,RITM973047,$6194.37,—,admin
2026,17,Robbins and Sons,Crane,253HMD,Broderson RT-400,05/25/2025,03/06/2026,PO-90493,RITM865982,$5403.10,—,admin
2026,17,Robbins and Sons,Crane,DL1197MLW,Tadano GR-1000XL,09/26/2025,07/08/2026,PO-52535,RITM881502,$6074.73,—,admin
2026,17,Robbins and Sons,Boom Lift,K3701,JLG 600S,07/23/2026,08/25/2026,PO-22218,RITM244229,$2836.50,—,admin
2026,17,Smith LLC,Pickup Truck,2257,1/2 TON REG CAB,04/23/2025,01/30/2026,PO-80921,RITM470799,$672.19,—,admin
2026,17,Smith LLC,Pickup Truck,2262,1 TON CC 4X2,07/28/2025,12/13/2025,PO-77001,RITM118645,$939.24,—,admin
2026,17,Smith LLC,Pickup Truck,2343,1 TON CC 4X2,07/24/2025,10/11/2025,PO-16094,RITM933015,$715.31,—,admin
2026,17,Smith LLC,Pickup Truck,2410,1/2 TON CC 4X4,05/19/2025,08/21/2025,PO-71508,RITM172806,$689.91,—,admin
2026,17,Smith LLC,Stake Bed Truck,2414,12 STAKEBED,06/14/2025,07/10/2026,PO-68633,RITM133366,$1850.27,—,admin
2026,17,Smith LLC,Pickup Truck,2494,1/2 TON CC 4X4,07/26/2025,09/23/2026,PO-92189,RITM179988,$793.36,—,admin
2026,17,Smith LLC,Stake Bed Truck,2636,22 STAKEBED,01/01/2025,08/05/2025,PO-69584,RITM510013,$1315.78,—,admin
2026,17,Smith LLC,Pickup Truck,2664,1/2 TON REG CAB,01/01/2025,03/25/2025,PO-30486,RITM800594,$1070.58,—,admin
2026,17,Smith LLC,Stake Bed Truck,2753,9 STAKEBED,01/16/2025,03/22/2025,PO-54722,RITM385367,$1602.10,—,admin
2026,17,Smith LLC,Stake Bed Truck,2796,12 STAKEBED CC,03/11/2025,03/12/2026,PO-98053,RITM176182,$1188.22,—,admin
2026,17,Smith LLC,Stake Bed Truck,2822,12 CC STAKEBED,11/03/2025,04/30/2026,PO-65109,RITM442073,$1941.72,—,admin
2026,17,Smith LLC,Pickup Truck,2862,3/4 TON REG CAB 4X4,01/09/2025,12/30/2025,PO-38884,RITM296109,$643.59,—,admin
2026,17,Smith LLC,Pickup Truck,2863,3/4 TON CC 4X4,05/20/2025,10/11/2025,PO-90892,RITM478325,$967.94,—,admin
2026,17,Smith LLC,Pickup Truck,2873,1/2 TON CC 4X4,01/23/2026,12/05/2026,PO-82319,RITM551698,$769.08,—,admin
2026,17,Smith LLC,Pickup Truck,2883,3/4 TON CC 4X4,05/02/2025,09/19/2025,PO-81028,RITM223019,$1176.80,—,admin
2026,17,Smith LLC,Pickup Truck,2901,1/2 TON REG CAB,03/21/2025,05/29/2025,PO-33959,RITM711841,$845.97,—,admin
2026,17,Smith LLC,Pickup Truck,2903,1/2 TON REG CAB,04/21/2025,07/05/2025,PO-43192,RITM848850,$821.03,—,admin
2026,17,Smith LLC,Pickup Truck,2922,3/4 TON CC 4X4,11/08/2025,02/01/2026,PO-83337,RITM326150,$858.45,—,admin
2026,17,Smith LLC,Van,2973,15 PASSENGER VAN,11/02/2025,03/02/2027,PO-11170,RITM102172,$3849.14,—,admin
2026,17,Smith LLC,Pickup Truck,2978,1/2 TON CC 4X4,06/22/2026,09/25/2027,PO-18522,RITM515273,$642.76,—,admin
2026,17,Smith LLC,Pickup Truck,2979,1/2 TON CC 4X4,03/15/2025,03/02/2026,PO-87447,RITM281538,$998.77,—,admin
2026,17,Smith LLC,Pickup Truck,2986,1/2 TON CC 4X4,08/23/2026,11/05/2026,PO-47119,RITM857842,$831.87,—,admin
2026,17,Smith LLC,Pickup Truck,2988,1/2 TON CC 4X4,01/27/2025,12/05/2025,PO-74820,RITM755028,$945.57,—,admin
2026,17,Smith LLC,Van,2996,CARGO VAN,05/18/2025,03/24/2026,PO-82175,RITM550529,$2450.23,—,admin
2026,17,Smith LLC,Pickup Truck,3005,1/2 TON REG CAB,03/13/2025,02/23/2026,PO-32322,RITM961541,$629.56,—,admin
2026,17,Smith LLC,Van,3033,CARGO VAN,12/03/2025,12/23/2026,PO-28228,RITM610459,$1391.83,—,admin
2026,17,Smith LLC,Pickup Truck,3063,3/4 TON CC 4X4,10/10/2025,11/21/2025,PO-35693,RITM509181,$670.05,—,admin
2026,17,Smith LLC,Pickup Truck,3064,3/4 TON CC 4X4,07/24/2025,10/02/2026,PO-90605,RITM145933,$814.33,—,admin
2026,17,Smith LLC,Pickup Truck,3065,1/2 TON CC 4X4,03/09/2025,06/01/2025,PO-98516,RITM796413,$1019.31,—,admin
2026,17,Smith LLC,Pickup Truck,3078,1/2 TON REG CAB,01/28/2025,09/25/2025,PO-41052,RITM265095,$648.18,—,admin
2026,17,Smith LLC,Pickup Truck,3080,1/2 TON REG CAB,05/28/2025,06/17/2026,PO-16990,RITM954463,$787.31,—,admin
2026,17,Smith LLC,Pickup Truck,3081,1/2 TON REG CAB,01/04/2026,05/06/2027,PO-52070,RITM528059,$865.98,—,admin
2026,17,Smith LLC,Pickup Truck,3085,1/2 TON REG CAB,08/16/2026,08/27/2027,PO-88889,RITM615882,$723.84,—,admin
2026,17,Smith LLC,Pickup Truck,3092,1/2 TON CC 4X4,08/23/2026,05/08/2027,PO-51792,RITM832371,$1054.02,—,admin
2026,17,Smith LLC,Pickup Truck,3094,2/8/1904 0:00,02/18/2026,02/19/2027,PO-90789,RITM456765,$1167.10,—,admin
2026,17,Smith LLC,Pickup Truck,3095,1/2 TON CC 4X4,01/24/2025,04/05/2026,PO-25220,RITM679932,$1041.49,—,admin
2026,17,Smith LLC,Pickup Truck,3098,1/2 TON REG CAB,02/13/2026,01/25/2027,PO-63430,RITM280586,$1068.06,—,admin
2026,17,Smith LLC,Pickup Truck,3101,1/2 TON REG CAB,07/31/2025,07/13/2026,PO-99690,RITM800966,$631.33,—,admin
2026,17,Smith LLC,Pickup Truck,3103,2/8/1904 0:00,01/06/2025,09/10/2025,PO-73054,RITM691556,$976.72,—,admin
2026,17,Smith LLC,Pickup Truck,3105,1/2 TON REG CAB,08/13/2025,08/14/2026,PO-80352,RITM256890,$1071.55,—,admin
2026,17,Smith LLC,Pickup Truck,3107,1/2 TON CC 4X4,07/14/2025,09/03/2026,PO-25499,RITM990794,$1096.28,—,admin
2026,17,Smith LLC,Pickup Truck,3109,1/2 TON CC 4X4,04/03/2025,02/19/2026,PO-62325,RITM985449,$670.34,—,admin
2026,17,Smith LLC,Pickup Truck,3120,1/2 TON CC 4X4,10/09/2025,05/27/2026,PO-45219,RITM582049,$1002.89,—,admin
2026,17,Smith LLC,Pickup Truck,3129,2/8/1904 0:00,02/09/2025,05/28/2025,PO-54523,RITM909803,$618.33,—,admin
2026,17,Smith LLC,Pickup Truck,3131,1/2 TON REG CAB,03/06/2026,08/10/2027,PO-14255,RITM423221,$1129.99,—,admin
2026,17,Smith LLC,Pickup Truck,3132,1/2 TON REG CAB,05/15/2025,03/03/2026,PO-10996,RITM158838,$1066.20,—,admin
2026,17,Smith LLC,Pickup Truck,3136,1/2 TON REG CAB,04/22/2026,10/01/2027,PO-81066,RITM478596,$648.48,—,admin
2026,17,Smith LLC,Pickup Truck,3138,1/2 TON REG CAB,11/14/2025,11/21/2026,PO-19938,RITM291810,$637.82,—,admin
2026,17,Smith LLC,Pickup Truck,3140,1/2 TON CC 4X4,11/25/2025,02/23/2027,PO-70608,RITM627443,$943.35,—,admin
2026,17,Smith LLC,Pickup Truck,3142,1/2 TON CC 4X4,11/23/2025,05/02/2027,PO-37230,RITM589107,$799.28,—,admin
2026,17,Smith LLC,Pickup Truck,3147,1/2 TON CC 4X4,06/08/2026,03/05/2027,PO-27142,RITM472740,$626.22,—,admin
2026,17,Smith LLC,Pickup Truck,3149,1/2 TON CC 4X4,10/03/2025,06/11/2026,PO-62037,RITM924794,$989.59,—,admin
2026,17,Smith LLC,Pickup Truck,3153,1/2 TON CC 4X4,03/28/2026,11/24/2026,PO-89766,RITM438478,$969.96,—,admin
2026,17,Smith LLC,Pickup Truck,3154,1/2 TON CC 4X4,02/05/2025,04/27/2025,PO-77337,RITM433192,$736.82,—,admin
2026,17,Smith LLC,Pickup Truck,3163,3/4 TON CC 4X4,02/02/2025,07/17/2025,PO-89734,RITM288614,$1116.06,—,admin
2026,17,Smith LLC,Pickup Truck,3166,1500 CC,04/23/2026,06/13/2027,PO-51927,RITM761612,$855.25,—,admin
2026,17,Smith LLC,Pickup Truck,3168,1/2 TON CC 4X4,03/04/2026,03/04/2027,PO-96544,RITM344414,$683.55,—,admin
2026,17,Smith LLC,Pickup Truck,3169,1/2 TON CC 4X4,12/09/2025,03/09/2026,PO-50240,RITM181659,$1031.06,—,admin
2026,17,Smith LLC,Pickup Truck,3170,1/2 TON CC 4X4,07/16/2026,09/15/2027,PO-20214,RITM264117,$1159.48,—,admin
2026,17,Smith LLC,Pickup Truck,3178,1/2 TON CC 4X4,01/01/2026,05/21/2026,PO-23676,RITM432801,$978.07,—,admin
2026,17,Smith LLC,Pickup Truck,3186,1/2 TON CC 4X4,10/28/2025,12/01/2025,PO-81519,RITM525787,$706.53,—,admin
2026,17,Smith LLC,Pickup Truck,3195,1/2 TON CC 4X4,01/12/2026,05/21/2027,PO-79049,RITM930019,$750.99,—,admin
2026,17,Smith LLC,Pickup Truck,3196,1/2 TON REG CAB,07/13/2026,11/11/2026,PO-89472,RITM611637,$913.93,—,admin
2026,17,Smith LLC,Pickup Truck,3198,1/2 TON CC 4X4,02/14/2025,12/21/2025,PO-63494,RITM759982,$1059.74,—,admin
2026,17,Smith LLC,Pickup Truck,3203,1/2 TON REG CAB,07/08/2025,09/28/2026,PO-44155,RITM607466,$786.42,—,admin
2026,17,Smith LLC,Pickup Truck,3208,1/2 TON CC 4X4,01/06/2026,07/04/2026,PO-92496,RITM550776,$688.96,—,admin
2026,17,Smith LLC,Pickup Truck,3213,1/2 TON CC 4X4,08/17/2026,04/03/2027,PO-67252,RITM622113,$766.50,—,admin
2026,17,Smith LLC,Pickup Truck,3218,3/4 TON REG CAB 4X4,05/11/2025,09/06/2026,PO-39042,RITM642329,$723.71,—,admin
2026,17,Smith LLC,Pickup Truck,3221,1/2 TON CC 4X4,04/15/2026,08/01/2027,PO-71182,RITM897337,$1009.75,—,admin
2026,17,Smith LLC,Pickup Truck,3233,1/2 TON CC 4X4,05/28/2026,10/10/2026,PO-73712,RITM423583,$691.27,—,admin
2026,17,Smith LLC,Pickup Truck,3234,1/2 TON CC 4X4,01/10/2026,02/01/2027,PO-43394,RITM143524,$1056.67,—,admin
2026,17,Smith LLC,Pickup Truck,3266,3/4 TON REG CAB 4X4,08/28/2025,11/28/2025,PO-81780,RITM927977,$832.73,—,admin
2026,17,Smith LLC,Pickup Truck,3271,1/2 TON CC 4X4,10/01/2025,07/07/2026,PO-95157,RITM751668,$742.73,—,admin
2026,17,Smith LLC,Pickup Truck,3275,3/4 TON CC 4X4,01/13/2025,02/16/2025,PO-13351,RITM290247,$964.23,—,admin
2026,17,Smith LLC,Pickup Truck,3276,3/4 TON CC 4X4,05/26/2025,03/27/2026,PO-35165,RITM642063,$1085.75,—,admin
2026,17,Smith LLC,Pickup Truck,3278,1/2 TON CC 4X4,06/01/2026,08/17/2026,PO-62143,RITM727564,$1061.42,—,admin
2026,17,Smith LLC,Pickup Truck,3284,3/4 TON CC 4X4,06/24/2026,04/25/2027,PO-96657,RITM779438,$1057.65,—,admin
2026,17,Smith LLC,Pickup Truck,3307,1/2 TON CC 4X4,01/14/2026,12/24/2026,PO-99477,RITM456141,$859.41,—,admin
2026,17,Smith LLC,Van,3312,CARGO VAN,04/16/2025,06/30/2025,PO-22789,RITM204943,$3615.43,—,admin
2026,17,Smith LLC,Van,3314,CARGO VAN,10/27/2025,06/05/2026,PO-17953,RITM343325,$1808.30,—,admin
2026,17,Smith LLC,Van,3321,MINIVAN,04/28/2026,03/08/2027,PO-84131,RITM356978,$1124.11,—,admin
2026,17,Smith LLC,Pickup Truck,3338,1/2 TON CC 4X4,02/27/2026,04/28/2026,PO-98485,RITM979315,$636.81,—,admin
2026,17,Smith LLC,Pickup Truck,3339,1/2 TON CC 4X4,02/11/2026,08/20/2026,PO-59362,RITM352333,$607.45,—,admin
2026,17,Smith LLC,Van,3340,CARGO VAN,11/12/2025,12/12/2025,PO-70411,RITM111859,$998.58,—,admin
2026,17,Smith LLC,Pickup Truck,3343,1/2 TON REG CAB,07/28/2025,11/11/2026,PO-46453,RITM225443,$731.85,—,admin
2026,17,Smith LLC,Pickup Truck,3344,1/2 TON REG CAB,01/31/2025,11/02/2025,PO-98758,RITM148895,$641.39,—,admin
2026,17,Smith LLC,Pickup Truck,3350,1/2 TON REG CAB,07/29/2025,07/27/2026,PO-32605,RITM132897,$1015.68,—,admin
2026,17,Smith LLC,Pickup Truck,3354,1/2 TON CC 4X4,08/10/2025,10/06/2025,PO-23871,RITM246831,$915.95,—,admin
2026,17,Smith LLC,Pickup Truck,3356,1/2 TON CC 4X4,12/26/2025,04/23/2027,PO-51933,RITM889127,$811.85,—,admin
2026,17,Smith LLC,Stake Bed Truck,3374,9 STAKEBED RED CAB 4X2,01/18/2025,12/11/2025,PO-21738,RITM708317,$1262.69,—,admin
2026,17,Smith LLC,Stake Bed Truck,3379,9 STAKEBED,10/31/2025,10/24/2026,PO-80119,RITM354086,$1167.76,—,admin
2026,17,Smith LLC,Pickup Truck,3380,1/2 TON CC 4X4,02/27/2026,07/27/2026,PO-13279,RITM750106,$844.98,—,admin
2026,17,Smith LLC,Stake Bed Truck,3393,13 STAKEBED REG CAB,07/21/2026,07/11/2027,PO-25891,RITM308150,$1265.25,—,admin
2026,17,Smith LLC,Stake Bed Truck,3394,13 STAKEBED,07/07/2026,12/16/2027,PO-15223,RITM938986,$1505.14,—,admin
2026,17,Smith LLC,Stake Bed Truck,3405,13 STAKEBED CC,10/12/2025,02/01/2027,PO-58937,RITM142995,$1666.44,—,admin
2026,17,Smith LLC,Pickup Truck,3406,1/2 TON REG CAB,04/18/2026,05/22/2027,PO-36082,RITM301643,$983.09,—,admin
2026,17,Smith LLC,Pickup Truck,3407,1/2 TON REG CAB,06/30/2026,03/02/2027,PO-39697,RITM544986,$620.81,—,admin
2026,17,Smith LLC,Pickup Truck,3414,1/2 TON REG CAB,03/10/2025,04/13/2026,PO-80156,RITM925430,$848.44,—,admin
2026,17,Smith LLC,Pickup Truck,3416,1/4 TON CC 4X4,05/15/2025,11/05/2026,PO-34203,RITM300208,$1083.29,—,admin
2026,17,Smith LLC,Pickup Truck,3417,1 TON CC 4X4,02/15/2026,09/25/2026,PO-86910,RITM840866,$713.93,—,admin
2026,17,Smith LLC,Pickup Truck,3419,1/2 TON CC 4X4,05/15/2025,02/21/2026,PO-55386,RITM420978,$1146.69,—,admin
2026,17,Smith LLC,Pickup Truck,3421,1/2 TON CC 4X4,01/16/2025,05/25/2025,PO-70914,RITM500831,$830.37,—,admin
2026,17,Smith LLC,Van,3422,CARGO VAN,01/03/2025,08/26/2025,PO-89066,RITM977316,$575.63,—,admin
2026,17,Smith LLC,Pickup Truck,3433,3/4 TON CC 4X4,10/14/2025,12/24/2025,PO-32232,RITM121648,$666.93,—,admin
2026,17,Smith LLC,Pickup Truck,3435,1/2 TON CC 4X4,04/22/2026,05/22/2027,PO-60307,RITM868605,$995.47,—,admin
2026,17,Smith LLC,Pickup Truck,3441,1/2 TON CC 4X4,04/12/2026,06/22/2027,PO-70678,RITM819121,$1130.31,—,admin
2026,17,Smith LLC,Pickup Truck,3442,1/2 TON CC 4X4,07/06/2025,11/30/2026,PO-79045,RITM360472,$736.08,—,admin
2026,17,Smith LLC,Pickup Truck,3443,1/2 TON CC 4X4,08/23/2026,06/26/2027,PO-87088,RITM305598,$845.48,—,admin
2026,17,Smith LLC,Pickup Truck,3444,1/2 TON CC 4X4,01/06/2025,04/17/2026,PO-31885,RITM478987,$1181.20,—,admin
2026,17,Smith LLC,Van,3447,CARGO VAN,06/01/2025,09/05/2025,PO-26822,RITM907133,$2147.61,—,admin
2026,17,Smith LLC,Pickup Truck,3448,3/4 TON REG CAB 4X4,05/02/2025,09/03/2025,PO-37177,RITM959935,$876.16,—,admin
2026,17,Smith LLC,Pickup Truck,3453,1/2 TON CC 4X4,07/23/2026,03/25/2027,PO-43017,RITM414016,$618.34,—,admin
2026,17,Smith LLC,Pickup Truck,3454,1/2 TON CC 4X4,06/13/2026,08/24/2027,PO-17589,RITM571481,$655.08,—,admin
2026,17,Smith LLC,Pickup Truck,3455,1500 CC,01/24/2025,07/15/2025,PO-77428,RITM458612,$802.81,—,admin
2026,17,Smith LLC,Pickup Truck,3457,1/2 TON CC 4X4,07/03/2026,11/17/2027,PO-78523,RITM774490,$818.86,—,admin
2026,17,Smith LLC,Pickup Truck,3461,1/2 TON CC 4X4,12/17/2025,04/27/2027,PO-17289,RITM713073,$976.22,—,admin
2026,17,Smith LLC,Pickup Truck,3471,3/4 TON CC 4X4,08/14/2026,07/17/2027,PO-48307,RITM717205,$738.66,—,admin
2026,17,Smith LLC,Pickup Truck,3473,3/4 TON CC 4X4,04/20/2026,10/04/2027,PO-77321,RITM643058,$824.96,—,admin
2026,17,Smith LLC,Pickup Truck,3475,3/4 TON CC 4X4,01/02/2025,10/14/2025,PO-49571,RITM200721,$779.34,—,admin
2026,17,Smith LLC,Pickup Truck,3478,3/4 TON CC 4X4,12/01/2025,06/16/2026,PO-35944,RITM715074,$729.68,—,admin
2026,17,Smith LLC,Pickup Truck,3481,3/4 TON CC 4X4,07/04/2025,10/05/2026,PO-55448,RITM128148,$788.63,—,admin
2026,17,Smith LLC,Pickup Truck,3483,3/4 TON CC 4X4,06/19/2025,10/29/2025,PO-43743,RITM682095,$854.91,—,admin
2026,17,Smith LLC,Pickup Truck,3493,1/2 TON REG CAB,05/21/2025,08/26/2025,PO-40393,RITM712556,$695.26,—,admin
2026,17,Smith LLC,Pickup Truck,3494,1/2 TON REG CAB,11/26/2025,01/31/2026,PO-84668,RITM909216,$1024.55,—,admin
2026,17,Smith LLC,Pickup Truck,3496,1/2 TON CC 4X4,10/12/2025,01/27/2026,PO-28031,RITM529250,$1194.31,—,admin
2026,17,Smith LLC,Pickup Truck,3505,1/2 TON CC 4X4,06/11/2026,06/25/2027,PO-33298,RITM111779,$853.49,—,admin
2026,17,Smith LLC,Pickup Truck,3531,1/2 TON CC 4X4,02/03/2026,05/06/2026,PO-40954,RITM913984,$721.34,—,admin
2026,17,Smith LLC,Pickup Truck,3534,1/2 TON CC 4X4,07/27/2026,04/01/2027,PO-18316,RITM190010,$618.67,—,admin
2026,17,Smith LLC,Van,3535,TRANSIT CARGO VAN,06/29/2026,08/21/2026,PO-69138,RITM978488,$2473.88,—,admin
2026,17,Smith LLC,Van,3539,TRANSIT CARGO VAN,01/10/2025,06/07/2026,PO-68320,RITM702898,$2397.91,—,admin
2026,17,Smith LLC,Stake Bed Truck,3562,12 CC STAKEBED,05/30/2025,06/24/2026,PO-10391,RITM663403,$1127.53,—,admin
2026,17,Smith LLC,Stake Bed Truck,3563,12 CC STAKEBED,12/15/2025,06/20/2026,PO-20052,RITM806872,$1652.39,—,admin
2026,17,Smith LLC,Pickup Truck,3564,1/2 TON CC 4X4,08/14/2025,12/13/2025,PO-50483,RITM312348,$700.11,—,admin
2026,17,Smith LLC,Pickup Truck,3567,COLORADO CC,06/09/2025,03/13/2026,PO-86517,RITM471293,$1085.68,—,admin
2026,17,Smith LLC,Pickup Truck,3572,1/2 TON REG CAB,06/20/2025,03/19/2026,PO-55694,RITM197466,$970.89,—,admin
2026,17,Smith LLC,Pickup Truck,3581,1/2 TON CC 4X4,06/18/2025,12/15/2025,PO-25871,RITM626150,$1045.23,—,admin
2026,17,Smith LLC,Pickup Truck,3587,3/4 TON CC 4X4,06/06/2025,06/23/2026,PO-82821,RITM762206,$851.30,—,admin
2026,17,Smith LLC,Pickup Truck,3590,1/2 TON CC 4X4,09/15/2025,10/15/2026,PO-27827,RITM596114,$1150.34,—,admin
2026,17,Smith LLC,Van,3607,12 PASSENGER VAN,03/02/2025,06/18/2026,PO-41762,RITM532722,$3192.33,—,admin
2026,17,Smith LLC,Van,3610,12 PASSENGER VAN,04/12/2025,03/19/2026,PO-95827,RITM876039,$2407.26,—,admin
2026,17,Smith LLC,Stake Bed Truck,3613,12 STAKEBED CC,04/03/2025,12/07/2025,PO-86478,RITM916916,$1300.41,—,admin
2026,17,Smith LLC,Stake Bed Truck,3614,14 STAKEBED CC,01/08/2025,03/18/2026,PO-74786,RITM942233,$1337.26,—,admin
2026,17,Smith LLC,Stake Bed Truck,3617,12 STAKEBED CC,03/31/2026,05/09/2027,PO-26813,RITM236195,$1323.87,—,admin
2026,17,Smith LLC,Stake Bed Truck,3618,14 STAKEBED CC,07/16/2026,08/21/2026,PO-19539,RITM668313,$1239.42,—,admin
2026,17,Smith LLC,Stake Bed Truck,3619,14 STAKEBED CC,02/12/2026,05/14/2026,PO-23734,RITM282180,$1575.43,—,admin
2026,17,Smith LLC,Stake Bed Truck,3620,12 STAKEBED CC,05/01/2026,05/29/2027,PO-87922,RITM414891,$950.33,—,admin
2026,17,Smith LLC,Stake Bed Truck,3629,12 STAKEBED REG CAB,06/12/2026,05/10/2027,PO-77036,RITM181689,$1106.76,—,admin
2026,17,Smith LLC,Pickup Truck,3663,1/2 TON CC 4X4,04/14/2025,05/22/2025,PO-52416,RITM979009,$935.53,—,admin
2026,17,Smith LLC,Pickup Truck,3667,1/2 TON CC 4X4,11/24/2025,05/17/2027,PO-22509,RITM767085,$1118.64,—,admin
2026,17,Smith LLC,Pickup Truck,3668,1/2 TON CC 4X4,07/09/2026,07/10/2027,PO-41481,RITM697782,$1163.94,—,admin
2026,17,Smith LLC,Pickup Truck,3675,1/2 TON CC 4X4,05/10/2026,08/03/2026,PO-55171,RITM557897,$905.44,—,admin
2026,17,Smith LLC,Pickup Truck,3680,1/2 TON CC 4X4,08/10/2026,10/13/2027,PO-35631,RITM171636,$776.28,—,admin
2026,17,Smith LLC,Pickup Truck,3705,1/2 TON REG CAB,01/07/2025,03/13/2025,PO-81742,RITM743501,$639.40,—,admin
2026,17,Smith LLC,Pickup Truck,3713,1/2 TON REG CAB,07/10/2025,12/13/2025,PO-74771,RITM471013,$626.84,—,admin
2026,17,Smith LLC,Pickup Truck,3725,1/2 TON CC 4X4,03/31/2025,06/10/2025,PO-82916,RITM568932,$939.36,—,admin
2026,17,Smith LLC,Pickup Truck,3741,1/2 TON REG CAB,07/14/2025,12/02/2025,PO-14982,RITM364861,$1114.34,—,admin
2026,17,Smith LLC,Flatbed Truck,3749,9 FLATBED EX CAB,06/13/2025,04/08/2026,PO-22942,RITM618226,$2519.81,—,admin
2026,17,Smith LLC,Flatbed Truck,3750,9 FLATBED EX CAB,08/05/2025,03/04/2026,PO-81158,RITM960653,$2873.84,—,admin
2026,17,Smith LLC,WELDER,SL-20241,Multi-Process Welder,04/13/2026,05/25/2026,PO-2026-0495,—,$1850.00,—,admin
2026,17,Smith LLC,WELDER,SL-20242,Engine-Driven Welder/Generator,04/14/2026,—,PO-2026-0496,—,$2600.00,—,admin
2026,17,"Taylor, Figueroa and Brown",Crane,S002430,3950 Manitowoc,04/11/2025,07/12/2025,PO-66743,RITM506242,$6776.65,—,admin
2026,17,"Taylor, Figueroa and Brown",Crane,S002433,3950 Manitowoc,10/24/2025,07/13/2026,PO-93730,RITM929119,$3684.41,—,admin
2026,17,Trevino Inc,Skid Steer,EQ0111524,TL12 SKID W/FRKS,02/08/2026,06/27/2027,PO-52734,RITM437609,$2619.59,—,admin
2026,17,West Inc,Semi Truck,019917,LOWBOY TRACTOR & TRAILER PETE - 367,11/02/2025,03/10/2027,PO-99839,RITM949426,$2057.73,—,admin
2026,17,West Inc,Semi Truck,019918,LIME TANKER TRUCK Freightliner - FL80,11/27/2025,11/17/2026,PO-71114,RITM511177,$2461.02,—,admin
2026,17,West Inc,Coil Truck,019924,PETERBILT - 367,06/30/2026,09/30/2026,PO-41915,RITM480700,$1085.54,—,admin
2026,17,West Inc,Coil Truck,019925,PETERBILT - 367,09/11/2025,04/13/2026,PO-71014,RITM675390,$2090.34,—,admin
2026,17,West Inc,Stake Bed Truck,019933,FLATBED 20 TON INTERNATIONAL NAVISTAR 4400,02/15/2026,06/21/2026,PO-41786,RITM812838,$1136.14,—,admin
2026,17,West Inc,Stake Bed Truck,019934,FLATBED 20 TON INTERNATIONAL NAVISTAR 4400,12/16/2025,09/18/2026,PO-49332,RITM548419,$1122.04,—,admin
2026,17,West Inc,Stake Bed Truck,019935,FLATBED 20 TON INTERNATIONAL NAVISTAR 4400,10/05/2025,07/15/2026,PO-41840,RITM120184,$1275.93,—,admin
2026,17,West Inc,Coil Truck,019940,COIL TRUCK WESTERNSTAR - 4900SB,01/11/2025,07/01/2025,PO-61562,RITM360560,$1303.02,—,admin
2026,17,West Inc,Coil Truck,019941,COIL TRUCK WESTERNSTAR - 4900SB,07/17/2026,03/21/2027,PO-27651,RITM678357,$2501.78,—,admin
2026,17,West Inc,Coil Truck,019952,INTERNATIONAL 561,03/31/2025,07/02/2026,PO-97589,RITM884984,$2630.72,—,admin
2026,17,West Inc,Stake Bed Truck,019954,FLATBED 20 TON PETERBILT,01/07/2026,06/20/2027,PO-37545,RITM588908,$1055.22,—,admin
2026,17,West Inc,Stake Bed Truck,019961,FLATBED 20 TON INTERNATIONAL NAVISTAR 4400,05/29/2025,07/19/2025,PO-74764,RITM437777,$1531.97,—,admin
2026,17,West Inc,Bucket Truck,019966,DODGE 5500 BUCKET TRUCK,09/21/2025,07/15/2026,PO-99753,RITM240232,$3998.38,—,admin
2026,17,West Inc,Stake Bed Truck,020811,STAKE TRUCK FORD - F350 SUPER DUTY CREW CAB,01/05/2025,08/23/2025,PO-40071,RITM219122,$1075.27,—,admin
2026,17,West Inc,Stake Bed Truck,020814,STAKE TRUCK CHEVY - 3500 CREW CAB,02/14/2026,07/25/2027,PO-30060,RITM207872,$1401.32,—,admin
2026,17,West Inc,Stake Bed Truck,020816,STAKE TRUCK FORD - F350 4DR CREW CAB,05/29/2026,06/18/2027,PO-77727,RITM279455,$1571.35,—,admin
2026,17,West Inc,Flatbed Truck,020823,STAKE TRUCK FORD - F550 CREW CAB,02/24/2025,04/09/2026,PO-97948,RITM959651,$3460.53,—,admin
2026,17,West Inc,Pickup Truck,020824,CHEVY CREW CAB,06/18/2026,07/26/2026,PO-31507,RITM825576,$955.92,—,admin
2026,17,West Inc,Stake Bed Truck,020826,STAKE TRUCK FORD - F350 CREW CAB,03/08/2026,08/01/2026,PO-75104,RITM375258,$1871.93,—,admin
2026,17,West Inc,Flatbed Truck,020830,FLATBED TRUCK,03/04/2026,08/21/2027,PO-79311,RITM672270,$978.84,—,admin
2026,17,West Inc,Stake Bed Truck,020833,STAKE TRUCK FORD - F350 CREW CAB,11/07/2025,03/28/2027,PO-78909,RITM607550,$1910.37,—,admin
2026,17,West Inc,Van,030109,TRANSIT VAN,08/14/2026,04/10/2027,PO-69451,RITM333814,$3329.26,—,admin
2026,17,West Inc,Van,030110,PASSENGER VAN,05/25/2026,01/03/2027,PO-20915,RITM256963,$2546.71,—,admin
2026,17,West Inc,Excavator,050021,EXCAVATOR CAT 325DL,05/06/2026,04/02/2027,PO-59051,RITM144915,$6916.42,—,admin
2026,17,West Inc,Excavator,050056,COMBINATION BACKHOE CATERPILLAR - 420E IT,02/18/2026,08/07/2027,PO-34514,RITM631945,$13352.66,—,admin
2026,17,West Inc,Material Handler,050058,SENNEBOGEN 850,03/20/2026,11/25/2026,PO-70549,RITM230693,$882.05,—,admin
2026,17,West Inc,Material Handler,050064,SENNEBOGEN 850,12/05/2025,02/13/2027,PO-27111,RITM626452,$1090.15,—,admin
2026,17,West Inc,Excavator,050076,CAT EXCAVATOR - 352,11/08/2025,11/16/2026,PO-28472,RITM486374,$14975.01,—,admin
2026,17,West Inc,Excavator,050079,CAT EXCAVATOR - 352,04/02/2025,04/14/2026,PO-70527,RITM216876,$15541.98,—,admin
2026,17,West Inc,Crane,060057,CARRY DECK CRANE IC80-3F,02/13/2025,10/08/2025,PO-51540,RITM294005,$10913.19,—,admin
2026,17,West Inc,Dozer,070081,DOZER CATERPILLAR - D8,02/16/2026,02/12/2027,PO-18720,RITM912951,$3873.25,—,admin
2026,17,West Inc,Loader,080078,LOADER CATERPILLAR - 988G,08/31/2025,12/25/2025,PO-47528,RITM656239,$22185.35,—,admin
2026,17,West Inc,Loader,080084,LOADER CATERPILLAR - 988H,05/19/2026,08/14/2027,PO-38649,RITM835453,$22529.98,—,admin
2026,17,West Inc,Loader,080090,LOADER CATERPILLAR - 950H,05/14/2026,01/18/2027,PO-41829,RITM220996,$9732.29,—,admin
2026,17,West Inc,Loader,080104,LOADER CATERPILLAR - 966H,02/17/2026,10/08/2026,PO-53251,RITM401755,$14873.38,—,admin
2026,17,West Inc,Loader,080105,LOADER CATERPILLAR - 980H,09/02/2025,10/14/2025,PO-42753,RITM221243,$20260.45,—,admin
2026,17,West Inc,Loader,080111,LOADER CATERPILLAR - 980H,01/25/2026,02/01/2027,PO-31916,RITM810703,$8173.42,—,admin
2026,17,West Inc,Loader,080116,LOADER CATERPILLAR - 980H,06/13/2025,01/10/2026,PO-20181,RITM324777,$18286.91,—,admin
2026,17,West Inc,Loader,080128,LOADER CATERPILLAR - 988H,11/21/2025,01/13/2027,PO-24579,RITM821582,$23871.61,—,admin
2026,17,West Inc,Loader,080129,LOADER CATERPILLAR - 988H,11/10/2025,12/11/2025,PO-52257,RITM219579,$19951.76,—,admin
2026,17,West Inc,Loader,080134,LOADER CATERPILLAR - 988H,05/20/2026,11/03/2026,PO-14526,RITM468204,$20165.41,—,admin
2026,17,West Inc,Loader,080141,LOADER CATERPILLAR - 988H,03/17/2026,04/29/2026,PO-54837,RITM132306,$12255.25,—,admin
2026,17,West Inc,Loader,080145,LOADER CATERPILLAR - 980H,05/03/2026,03/14/2027,PO-92410,RITM926082,$15091.20,—,admin
2026,17,West Inc,Loader,080146,LOADER CATERPILLAR - 980H,05/01/2026,08/22/2026,PO-54976,RITM726939,$24760.12,—,admin
2026,17,West Inc,Loader,080159,LOADER CATERPILLAR - 966K,04/20/2025,09/26/2025,PO-66374,RITM754631,$9711.00,—,admin
2026,17,West Inc,Loader,080160,LOADER CATERPILLAR - 980H,08/18/2025,01/18/2027,PO-45329,RITM314795,$12292.13,—,admin
2026,17,West Inc,Loader,080175,LOADER CATERPILLAR - 980H,02/03/2026,11/20/2026,PO-56608,RITM306710,$8375.10,—,admin
2026,17,West Inc,Loader,080182,LOADER CATERPILLAR - 950H,03/03/2025,03/30/2026,PO-83565,RITM964087,$19833.43,—,admin
2026,17,West Inc,Loader,080200,LOADER CATERPILLAR - 930G,04/27/2025,12/24/2025,PO-88263,RITM786692,$22766.89,—,admin
2026,17,West Inc,Loader,080202,LOADER CATERPILLAR - 988H,11/30/2025,10/21/2026,PO-36172,RITM868577,$21797.79,—,admin
2026,17,West Inc,Loader,080212,LOADER CATERPILLAR -IT938H,07/19/2025,12/29/2026,PO-60379,RITM213956,$13759.03,—,admin
2026,17,West Inc,Loader,080213,LOADER CATERPILLAR - 988K,01/22/2026,07/25/2026,PO-43194,RITM308112,$14389.52,—,admin
2026,17,West Inc,Loader,080214,LOADER CATERPILLAR - 972M,07/27/2026,12/16/2026,PO-34717,RITM992427,$24145.36,—,admin
2026,17,West Inc,Loader,080218,LOADER CATERPILLAR - 988K,07/22/2025,08/23/2025,PO-89507,RITM116466,$15520.84,—,admin
2026,17,West Inc,Loader,080221,LOADER CATERPILLAR - 972M,12/07/2025,02/16/2027,PO-54332,RITM650263,$9807.73,—,admin
2026,17,West Inc,Grader,090011,GRADER CATERPILLAR - 143H,10/25/2025,02/09/2026,PO-85661,RITM389862,$3482.71,—,admin
2026,17,West Inc,Grader,090016,GRADER CATERPILLAR - 160M,03/27/2025,09/11/2026,PO-31739,RITM715031,$1114.10,—,admin
2026,17,West Inc,Roller,100021,CAT CS74 - SMOOTH,06/18/2025,09/01/2026,PO-64179,RITM981153,$3407.08,—,admin
2026,17,West Inc,Roller,100022,CAT CS74 - PADDED,06/29/2026,10/22/2026,PO-56549,RITM594879,$1382.74,—,admin
2026,17,West Inc,Tractor,130036,TOW TRACTOR JOHN DEERE - 7520,03/03/2026,04/19/2027,PO-75143,RITM870229,$3188.23,—,admin
2026,17,West Inc,Tractor,130040,TOW TRACTOR JOHN DEERE - 6190R,02/07/2026,07/21/2027,PO-35945,RITM634115,$567.69,—,admin
2026,17,West Inc,Coil Truck,150063,COIL RAM TRACTOR 80K LBS,07/02/2025,10/19/2025,PO-26674,RITM629886,$1886.32,—,admin
2026,17,West Inc,Coil Truck,150064,COIL RAM TRACTOR 80K LBS,01/17/2025,02/28/2026,PO-58173,RITM873175,$3175.81,—,admin
2026,17,West Inc,Coil Truck,150090,COIL RAM TRACTOR KONECRANE,03/12/2025,06/03/2026,PO-67647,RITM648679,$1352.52,—,admin
2026,17,West Inc,Coil Truck,150091,COIL RAM TRACTOR KONECRANE,02/10/2025,10/12/2025,PO-80997,RITM233930,$1305.30,—,admin
2026,17,West Inc,Forklift,150102,KONECRANE FORKLIFT SMV-25,10/30/2025,02/24/2027,PO-53988,RITM234940,$4648.60,—,admin
2026,17,West Inc,Dump Truck,160018,ARTIC TRUCK 40 TON VOLVO - A40D,04/29/2025,08/28/2026,PO-75962,RITM680687,$3961.03,—,admin
2026,17,West Inc,Dump Truck,160021,ARTIC TRUCK 40 TON VOLVO - A40D,01/21/2025,12/03/2025,PO-13810,RITM952417,$1884.43,—,admin
2026,17,West Inc,Dump Truck,160028,ARTIC TRUCK 40 TON VOLVO - A40D,02/24/2025,02/08/2026,PO-64394,RITM151768,$810.21,—,admin
2026,17,West Inc,Dump Truck,160032,ARTIC TRUCK 40 TON VOLVO - A40D,08/05/2026,12/04/2027,PO-86447,RITM158276,$2152.68,—,admin
2026,17,West Inc,Dump Truck,160041,CATERPILLAR 740B ARTIC TRUCK,04/23/2026,05/23/2026,PO-66749,RITM794866,$2341.29,—,admin
2026,17,West Inc,Dump Truck,160043,CATERPILLAR 740B ARTIC TRUCK,06/20/2026,07/18/2027,PO-29317,RITM725414,$2554.73,—,admin
2026,17,West Inc,Dump Truck,160045,ARTIC TRUCK 60 TON VOLVO - A60,01/04/2025,01/12/2026,PO-61836,RITM442920,$622.55,—,admin
2026,17,West Inc,Dump Truck,160047,ARTIC TRUCK 60 TON VOLVO - A60,07/28/2026,03/12/2027,PO-75033,RITM294580,$2796.22,—,admin
2026,17,West Inc,Dump Truck,160051,CATERPILLAR 740B ARTIC TRUCK,12/21/2025,01/14/2027,PO-21377,RITM589194,$3336.96,—,admin
2026,17,West Inc,Dump Truck,160054,CATERPILLAR 745C ARTIC TRUCK,07/17/2026,02/04/2027,PO-75035,RITM551613,$566.40,—,admin
2026,17,West Inc,Dump Truck,160057,CATERPILLAR 745C ARTIC TRUCK,03/25/2025,03/02/2026,PO-72734,RITM471754,$2943.14,—,admin
2026,17,West Inc,Dump Truck,160058,CATERPILLAR 745C ARTIC TRUCK,04/02/2026,09/17/2027,PO-30647,RITM858713,$1849.62,—,admin
2026,17,West Inc,Dump Truck,160063,CATERPILLAR 740B ARTIC TRUCK,12/14/2025,10/27/2026,PO-96168,RITM216024,$764.02,—,admin
2026,17,West Inc,Mobile Trailer,240030,40FT CONNEX BOX,07/16/2025,08/31/2025,PO-64828,RITM677397,$2038.97,—,admin
2026,17,West Inc,Skid Steer,260027,SKID STEER BOBCAT - T590,01/24/2026,05/06/2027,PO-67230,RITM585730,$2511.11,—,admin
2026,17,West Inc,Skid Steer,260031,SKID STEER BOBCAT - T590,05/22/2026,06/25/2027,PO-13889,RITM939572,$948.09,—,admin
2026,17,West Inc,Skid Steer,260034,CATERPILLAR 259D,10/06/2025,03/17/2027,PO-73153,RITM799088,$2047.57,—,admin
2026,17,West Inc,Skid Steer,260035,CATERPILLAR 259D,06/01/2026,10/25/2026,PO-93946,RITM764534,$3022.65,—,admin
2026,17,West Inc,Tractor,400001,HARLAN TUG,03/03/2026,03/15/2027,PO-52846,RITM487617,$1562.99,—,admin
2026,17,West Inc,Tractor,400002,HARLAN TUG,06/16/2026,07/21/2027,PO-24933,RITM910944,$3418.35,—,admin
2026,17,West Inc,Tractor,400003,HARLAN TUG,12/27/2025,06/22/2026,PO-33546,RITM437208,$3712.76,—,admin
2026,17,West Inc,Light Tower,430006,LIGHT TOWER TEREX RL4,02/02/2026,03/14/2027,PO-82390,RITM801390,$3380.46,—,admin
2026,17,West Inc,Light Tower,430012,LIGHT TOWER TEREX RL4,05/18/2026,09/15/2026,PO-69682,RITM152921,$1473.24,—,admin
2026,17,West Inc,Light Tower,430018,LIGHT TOWER TEREX RL4,07/08/2026,08/04/2027,PO-63525,RITM598853,$1599.40,—,admin
2026,17,West Inc,Light Tower,430042,LIGHT TOWER TEREX RL4,02/03/2026,10/16/2026,PO-68750,RITM411621,$1976.28,—,admin
2026,17,West Inc,Light Tower,430048,LIGHT TOWER TEREX RL4,08/04/2026,10/02/2026,PO-14108,RITM318726,$3700.18,—,admin
2026,17,West Inc,Light Tower,430062,LIGHT TOWER TEREX RL4,02/21/2025,06/17/2026,PO-61548,RITM850955,$1966.88,—,admin
2026,17,West Inc,Coil Truck,490002,PALLET CARRIER PALING - CTS 150H,02/06/2026,04/29/2026,PO-94934,RITM690156,$3065.65,—,admin
2026,17,West Inc,Pickup Truck,600011,DODGE RAM 1/2 TON,07/23/2025,08/04/2026,PO-88561,RITM963827,$803.28,—,admin
2026,17,West Inc,Pickup Truck,600021,DODGE RAM 1/2 TON,12/12/2025,03/22/2027,PO-98149,RITM644920,$790.66,—,admin
2026,17,West Inc,Pickup Truck,600032,GMC 1500 CREW CAB 4X4,03/13/2026,11/30/2026,PO-87617,RITM756630,$814.85,—,admin
2026,17,West Inc,Pickup Truck,600034,DODGE 3500 CREW CAB 4X2,07/27/2026,03/31/2027,PO-62839,RITM895346,$1144.19,—,admin
2026,17,West Inc,Pickup Truck,600035,PICK UP CREW CAB,10/15/2025,06/26/2026,PO-85145,RITM756842,$1147.37,—,admin
2026,17,West Inc,Pickup Truck,600036,FORD F350 CREW CAB 4X4,02/15/2025,04/12/2025,PO-35155,RITM778205,$1198.40,—,admin
2026,17,West Inc,Pickup Truck,600037,FORD F350 CREW CAB 4X4,09/30/2025,07/10/2026,PO-51998,RITM490749,$802.71,—,admin
2026,17,West Inc,Pickup Truck,600045,DODGE 1500 2 DOOR 4X2,01/26/2026,04/18/2027,PO-26358,RITM831369,$737.79,—,admin
2026,17,West Inc,Pickup Truck,600051,CHEVY 1500 4X2,08/10/2026,04/18/2027,PO-25313,RITM273733,$821.91,—,admin
2026,17,West Inc,Pickup Truck,600052,FORD F150 CREW CAB 4X2,11/18/2025,02/13/2027,PO-50227,RITM160975,$781.79,—,admin
2026,17,West Inc,Pickup Truck,600053,DODGE CREW CAB,09/26/2025,12/25/2025,PO-63088,RITM726413,$1110.01,—,admin
2026,17,West Inc,Pickup Truck,600056,DODGE 1500,11/03/2025,02/25/2026,PO-86723,RITM502696,$1097.46,—,admin
2026,17,West Inc,Pickup Truck,600068,DODGE 1500 2 DOOR 4X2,06/03/2026,07/13/2026,PO-50448,RITM808247,$761.19,—,admin
2026,17,West Inc,Pickup Truck,600069,CHEVY 1500 2 DOOR 4X2,07/30/2025,04/01/2026,PO-49691,RITM932065,$606.21,—,admin
2026,17,West Inc,Pickup Truck,600077,CHEVY 1500 CREW CAB 4X4,07/26/2025,12/09/2026,PO-80573,RITM289908,$826.60,—,admin
2026,17,West Inc,Pickup Truck,600084,CHEVY 1500 CREW CAB 4x2,10/09/2025,01/15/2027,PO-83704,RITM865926,$967.57,—,admin
2026,17,West Inc,Pickup Truck,600085,FORD F150 CREW CAB 4X4,03/07/2026,04/16/2027,PO-53041,RITM829994,$801.70,—,admin
2026,17,West Inc,Pickup Truck,600086,FORD F150 CREW CAB 4X4,03/16/2026,10/29/2026,PO-89422,RITM810056,$941.54,—,admin
2026,17,West Inc,Van,600089,FORD E SERIES CARGO,04/18/2025,11/13/2025,PO-66896,RITM219353,$848.37,—,admin
2026,17,West Inc,Pickup Truck,600096,CHEVY 1500 CREW CAB,04/13/2026,02/22/2027,PO-88056,RITM617525,$1017.24,—,admin
2026,17,West Inc,Pickup Truck,600106,FORD F150 CREW CAB 4X2,07/04/2026,08/21/2026,PO-71948,RITM964029,$855.84,—,admin
2026,17,West Inc,Pickup Truck,600110,DODGE 1500 CREW CAB 4X4,03/05/2026,05/11/2027,PO-50776,RITM143338,$1053.63,—,admin
2026,17,West Inc,Pickup Truck,600114,CHEVY 1500 CREW CAB 4x2,07/30/2025,02/05/2026,PO-59540,RITM329490,$990.18,—,admin
2026,17,West Inc,Pickup Truck,600116,FORD F150 CREW CAB 4x2,04/01/2026,03/07/2027,PO-45425,RITM955958,$988.09,—,admin
2026,17,West Inc,Pickup Truck,600128,DODGE 1500 2 DOOR 4X4,03/07/2026,08/14/2027,PO-97387,RITM919593,$1065.71,—,admin
2026,17,West Inc,Pickup Truck,600134,FORD F150,02/13/2026,07/19/2026,PO-81665,RITM225654,$1128.95,—,admin
2026,17,West Inc,Pickup Truck,600141,FORD F150 CREW CAB,06/24/2026,05/29/2027,PO-62403,RITM438152,$985.15,—,admin
2026,17,West Inc,Pickup Truck,600144,CHEVY 1500 CREW CAB 4X4,06/13/2026,11/05/2026,PO-22813,RITM447119,$899.48,—,admin
2026,17,West Inc,Vehicle Attachments,880240,CLAM SHELL BUCKET ANVIL ATTACHMENTS,01/29/2025,12/08/2025,PO-74028,RITM421341,$3113.65,—,admin
2026,17,"Wilson, Chen and Morrison",Clarifier,XFLO-PC1350-11,X-Flo Mobile Clarifier,05/17/2026,03/08/2027,PO-76103,RITM350930,$2327.40,—,admin
2026,17,"Wilson, Chen and Morrison",Clarifier,XFLO-PC1350-12,X-Flo Mobile Clarifier,08/17/2025,02/23/2026,PO-29463,RITM228809,$2248.23,—,admin
2026,17,"Atkins, Taylor and Hughes",Rail Car,GATX099999,Rail car,04/20/2026,12/31/2026,PO-99999,RITM999999,$2500.00,—,admin
2026,17,Brown Group,Truck Spreader,009999,TRUCK SPREADER HOPPER 8 FT 2 CU YD,04/21/2026,11/15/2026,PO-88888,RITM888888,$2100.00,—,admin
2026,17,West Inc,Pickup Truck,600999,FORD F150 CREW CAB 4x4,04/22/2026,04/22/2027,PO-77777,RITM777777,$1100.00,—,admin
